use javaproject;

INSERT INTO wxy_station (station_id, station_name) VALUES
    (1, "portland"),
    (2, "boston"),
    (3, "new york"),
    (4, "baltimore"),
    (5, "richmond"),
    (6, "orlando"),
    (7, "miami"),
    (8, "pittsburgh"),
    (9, "ann arbor"),
    (10, "detroit"),
    (11, "chicago"),
    (12, "washington dc"),
    (13, "atlanta"),
    (14, "nashville"),
    (15, "new orleans");


INSERT INTO WXY_TRAIN (TRAIN_ID, TRAIN_NAME, A_SEATS_NUM, B_SEATS_NUM, c_seats_num) VALUES
    (1, 'Sunrise Express', 5, 20, 70),
    (2, 'Midnight Express', 5, 20, 70),
    (3, 'Blue Arrow', 5, 20, 70),
    (4, 'Golden Line', 5, 20, 70),
    (5, 'Silver Horizon', 5, 20, 70),
    (6, 'Thunderbird', 5, 20, 70),
    (7, 'Morning Star', 5, 20, 70),
    (8, 'Night Owl', 5, 20, 70),
    (9, 'Crystal Stream', 5, 20, 70),
    (10, 'Emerald Voyage', 5, 20, 70);

INSERT INTO WXY_PATH (PATH_ID, TRAIN_ID) VALUES
(1, 1),
(2, 2),
(3, 3),
(4, 4),
(5, 5),
(6, 6),
(7, 7),
(8, 8),
(9, 9),
(10, 10),

(11, 1),
(12, 2),
(13, 3),
(14, 4),
(15, 5),
(16, 6),
(17, 7),
(18, 8),
(19, 9),
(20, 10);

INSERT INTO wxy_user(user_name, password) VALUES ('alan', '123');

INSERT INTO wxy_ticket(user_id, price,seat_level,depart_station,arrival_station,path_id,date) VALUES
(1, 1200, 'A', 8, 9, 3, '2024-12-23'),
(1, 600, 'C', 8, 9, 13, '2024-12-23');

INSERT INTO wxy_invoice(ticket_id, payment_state, valid_state) VALUES
(1, 'false', 'pending'),
(2, 'true', 'valid');




-- Dec.23 -Dec.31
INSERT INTO wxy_path_station (path_id, station_id, station_type, start_time, a_seats_available, b_seats_available, c_seats_available) VALUES

-- Dec.  line1 north to south
(1, 1, "start", '2024-12-17 07:00:00',  0,   20, 70),
(1, 2, "stop", '2024-12-17 09:00:00',  0,   20, 70),
(1, 3, "stop", '2024-12-17 11:00:00',  0,   20, 70),
(1, 4,  "stop", '2024-12-17 13:00:00',  5,   20, 70),
(1, 5, "stop", '2024-12-17 15:00:00',  5,   20, 70),
(1, 6, "stop", '2024-12-17 17:00:00',  5,   20, 70),
(1, 7, "end", '2024-12-17 19:00:00',  5,   20, 70),
-- Dec.17 line2 south to north
(2, 7, "start", '2024-12-17 07:00:00',  5,   20, 70),
(2, 6, "stop", '2024-12-17 09:00:00',  5,   20, 70),
(2, 5, "stop", '2024-12-17 11:00:00',  5,   20, 70),
(2, 4,  "stop", '2024-12-17 13:00:00',  5,   20, 70),
(2, 3, "stop", '2024-12-17 15:00:00',  5,   20, 70),
(2, 2, "stop", '2024-12-17 17:00:00',  5,   20, 70),
(2, 1, "end", '2024-12-17 19:00:00',  5,   20, 70),
-- Dec.17 line 3 east to west
(3, 3, "start", '2024-12-17 07:00:00',  5,   20, 70),
(3, 8, "stop", '2024-12-17 10:00:00',  5,   20, 70),
(3, 9, "stop", '2024-12-17 13:00:00', 5,   20, 70),
(3, 10, "end", '2024-12-17 16:00:00',  5,   20, 70),
-- Dec.17 line 4 west to east
(4, 10, "start", '2024-12-17 07:00:00',  5,   20, 70),
(4, 9, "stop", '2024-12-17 10:00:00',  5,   20, 70),
(4, 8, "stop", '2024-12-17 13:00:00',  5,   20, 70),
(4, 3, "end", '2024-12-17 16:00:00',  5,   20, 70),
-- Dec.17 line 5 east to west
(5, 4, "start", '2024-12-17 07:00:00',  5,   20, 70),
(5, 12, "stop", '2024-12-17 09:00:00',  5,   20, 70),
(5, 8, "stop", '2024-12-17 11:00:00',  5,   20, 70),
(5, 9, "stop", '2024-12-17 13:00:00',  5,   20, 70),
(5, 11, "end", '2024-12-17 15:00:00',  5,   20, 70),
 -- Dec.17 line 6 west to east
(6, 11, "start", '2024-12-17 07:00:00',  5,   20, 70),
(6, 9, "stop", '2024-12-17 09:00:00',  5,   20, 70),
(6, 8, "stop", '2024-12-17 11:00:00',  5,   20, 70),
(6, 12, "stop", '2024-12-17 13:00:00',  5,   20, 70),
(6, 4, "end", '2024-12-17 15:00:00',  5,   20, 70),
-- Dec.17 line 7 east to west
(7, 5, "start", '2024-12-17 07:00:00',  5,   20, 70),
(7, 13, "stop", '2024-12-17 10:00:00',  5,   20, 70),
(7, 14, "end", '2024-12-17 13:00:00',  5,   20, 70),
-- Dec.17 line 8 west to east
(8, 14, "start", '2024-12-17 07:00:00',  5,   20, 70),
(8, 13, "stop", '2024-12-17 10:00:00',  5,   20, 70),
(8, 5, "end", '2024-12-17 13:00:00',  5,   20, 70),
-- Dec.17 line 9 north to south
(9, 10, "start", '2024-12-17 07:00:00',  5,   20, 70),
(9, 9, "stop", '2024-12-17 10:00:00',  5,   20, 70),
(9, 11, "stop", '2024-12-17 13:00:00',  5,   20, 70),
(9, 14, "stop", '2024-12-17 15:00:00',  5,   20, 70),
(9, 15, "end", '2024-12-17 18:00:00',  5,   20, 70),
-- Dec.17 line 10 north to south
(10, 15, "start", '2024-12-17 07:00:00', 5,   20, 70),
(10, 14, "stop", '2024-12-17 10:00:00', 5,   20, 70),
(10, 11, "stop", '2024-12-17 13:00:00', 5,   20, 70),
(10, 9, "stop", '2024-12-17 15:00:00', 5,   20, 70),
(10, 10, "end", '2024-12-17 18:00:00', 5,   20, 70),

-- Dec.17 line11 north to south
(11, 1, "start", '2024-12-17 11:00:00',  5,   20, 70),
(11, 2, "stop", '2024-12-17 13:00:00',  5,   20, 70),
(11, 3, "stop", '2024-12-17 15:00:00',  5,   20, 70),
(11, 4,  "stop", '2024-12-17 17:00:00',  5,   20, 70),
(11, 5, "stop", '2024-12-17 19:00:00',  5,   20, 70),
(11, 6, "stop", '2024-12-17 21:00:00',  5,   20, 70),
(11, 7, "end", '2024-12-17 23:00:00',  5,   20, 70),
-- Dec.17 line12 south to north
(12, 7, "start", '2024-12-17 11:00:00',  5,   20, 70),
(12, 6, "stop", '2024-12-17 13:00:00',  5,   20, 70),
(12, 5, "stop", '2024-12-17 15:00:00',  5,   20, 70),
(12, 4,  "stop", '2024-12-17 17:00:00',  5,   20, 70),
(12, 3, "stop", '2024-12-17 19:00:00',  5,   20, 70),
(12, 2, "stop", '2024-12-17 21:00:00',  5,   20, 70),
(12, 1, "end", '2024-12-17 23:00:00',  5,   20, 70),
-- Dec.17 line 13 east to west
(13, 3, "start", '2024-12-17 14:00:00',  5,   20, 70),
(13, 8, "stop", '2024-12-17 17:00:00',  5,   20, 70),
(13, 9, "stop", '2024-12-17 20:00:00', 5,   20, 70),
(13, 10, "end", '2024-12-17 23:00:00',  5,   20, 70),
-- Dec.17 line 14 west to east
(14, 10, "start", '2024-12-17 14:00:00',  5,   20, 70),
(14, 9, "stop", '2024-12-17 17:00:00',  5,   20, 70),
(14, 8, "stop", '2024-12-17 20:00:00',  5,   20, 70),
(14, 3, "end", '2024-12-17 23:00:00',  5,   20, 70),
-- Dec.17 line 15 east to west
(15, 4, "start", '2024-12-17 15:00:00',  5,   20, 70),
(15, 12, "stop", '2024-12-17 17:00:00',  5,   20, 70),
(15, 8, "stop", '2024-12-17 19:00:00',  5,   20, 70),
(15, 9, "stop", '2024-12-17 21:00:00',  5,   20, 70),
(15, 11, "end", '2024-12-17 23:00:00',  5,   20, 70),
 -- Dec.17 line 16 west to east
(16, 11, "start", '2024-12-17 15:00:00',  5,   20, 70),
(16, 9, "stop", '2024-12-17 17:00:00',  5,   20, 70),
(16, 8, "stop", '2024-12-17 19:00:00',  5,   20, 70),
(16, 12, "stop", '2024-12-17 21:00:00',  5,   20, 70),
(16, 4, "end", '2024-12-17 23:00:00',  5,   20, 70),
-- Dec.17 line 17 east to west
(17, 5, "start", '2024-12-17 17:00:00',  5,   20, 70),
(17, 13, "stop", '2024-12-17 20:00:00',  5,   20, 70),
(17, 14, "end", '2024-12-17 23:00:00',  5,   20, 70),
-- Dec.17 line 18 west to east
(18, 14, "start", '2024-12-17 17:00:00',  5,   20, 70),
(18, 13, "stop", '2024-12-17 20:00:00',  5,   20, 70),
(18, 5, "end", '2024-12-17 23:00:00',  5,   20, 70),
-- Dec.17 line 19 north to south
(19, 10, "start", '2024-12-17 12:00:00',  5,   20, 70),
(19, 9, "stop", '2024-12-17 15:00:00',  5,   20, 70),
(19, 11, "stop", '2024-12-17 18:00:00',  5,   20, 70),
(19, 14, "stop", '2024-12-17 20:00:00',  5,   20, 70),
(19, 15, "end", '2024-12-17 23:00:00',  5,   20, 70),
-- Dec.17 line 20 north to south
(20, 15, "start", '2024-12-17 12:00:00', 5,   20, 70),
(20, 14, "stop", '2024-12-17 15:00:00', 5,   20, 70),
(20, 11, "stop", '2024-12-17 18:00:00', 5,   20, 70),
(20, 9, "stop", '2024-12-17 20:00:00', 5,   20, 70),
(20, 10, "end", '2024-12-17 23:00:00', 5,   20, 70),


 
-- Dec.18 line1 north to south
(1, 1, "start", '2024-12-18 07:00:00',  5,   20, 70),
(1, 2, "stop", '2024-12-18 09:00:00',  5,   20, 70),
(1, 3, "stop", '2024-12-18 11:00:00',  5,   20, 70),
(1, 4,  "stop", '2024-12-18 13:00:00',  5,   20, 70),
(1, 5, "stop", '2024-12-18 15:00:00',  5,   20, 70),
(1, 6, "stop", '2024-12-18 17:00:00',  5,   20, 70),
(1, 7, "end", '2024-12-18 19:00:00',  5,   20, 70),
-- Dec.18 line2 south to north
(2, 7, "start", '2024-12-18 07:00:00',  5,   20, 70),
(2, 6, "stop", '2024-12-18 09:00:00',  5,   20, 70),
(2, 5, "stop", '2024-12-18 11:00:00',  5,   20, 70),
(2, 4,  "stop", '2024-12-18 13:00:00',  5,   20, 70),
(2, 3, "stop", '2024-12-18 15:00:00',  5,   20, 70),
(2, 2, "stop", '2024-12-18 17:00:00',  5,   20, 70),
(2, 1, "end", '2024-12-18 19:00:00',  5,   20, 70),
-- Dec.18 line 3 east to west
(3, 3, "start", '2024-12-18 07:00:00',  5,   20, 70),
(3, 8, "stop", '2024-12-18 10:00:00',  5,   20, 70),
(3, 9, "stop", '2024-12-18 13:00:00', 5,   20, 70),
(3, 10, "end", '2024-12-18 16:00:00',  5,   20, 70),
-- Dec.18 line 4 west to east
(4, 10, "start", '2024-12-18 07:00:00',  5,   20, 70),
(4, 9, "stop", '2024-12-18 10:00:00',  5,   20, 70),
(4, 8, "stop", '2024-12-18 13:00:00',  5,   20, 70),
(4, 3, "end", '2024-12-18 16:00:00',  5,   20, 70),
-- Dec.18 line 5 east to west
(5, 4, "start", '2024-12-18 07:00:00',  5,   20, 70),
(5, 12, "stop", '2024-12-18 09:00:00',  5,   20, 70),
(5, 8, "stop", '2024-12-18 11:00:00',  5,   20, 70),
(5, 9, "stop", '2024-12-18 13:00:00',  5,   20, 70),
(5, 11, "end", '2024-12-18 15:00:00',  5,   20, 70),
 -- Dec.18 line 6 west to east
(6, 11, "start", '2024-12-18 07:00:00',  5,   20, 70),
(6, 9, "stop", '2024-12-18 09:00:00',  5,   20, 70),
(6, 8, "stop", '2024-12-18 11:00:00',  5,   20, 70),
(6, 12, "stop", '2024-12-18 13:00:00',  5,   20, 70),
(6, 4, "end", '2024-12-18 15:00:00',  5,   20, 70),
-- Dec.18 line 7 east to west
(7, 5, "start", '2024-12-18 07:00:00',  5,   20, 70),
(7, 13, "stop", '2024-12-18 10:00:00',  5,   20, 70),
(7, 14, "end", '2024-12-18 13:00:00',  5,   20, 70),
-- Dec.18 line 8 west to east
(8, 14, "start", '2024-12-18 07:00:00',  5,   20, 70),
(8, 13, "stop", '2024-12-18 10:00:00',  5,   20, 70),
(8, 5, "end", '2024-12-18 13:00:00',  5,   20, 70),
-- Dec.18 line 9 north to south
(9, 10, "start", '2024-12-18 07:00:00',  5,   20, 70),
(9, 9, "stop", '2024-12-18 10:00:00',  5,   20, 70),
(9, 11, "stop", '2024-12-18 13:00:00',  5,   20, 70),
(9, 14, "stop", '2024-12-18 15:00:00',  5,   20, 70),
(9, 15, "end", '2024-12-18 18:00:00',  5,   20, 70),
-- Dec.18 line 10 north to south
(10, 15, "start", '2024-12-18 07:00:00', 5,   20, 70),
(10, 14, "stop", '2024-12-18 10:00:00', 5,   20, 70),
(10, 11, "stop", '2024-12-18 13:00:00', 5,   20, 70),
(10, 9, "stop", '2024-12-18 15:00:00', 5,   20, 70),
(10, 10, "end", '2024-12-18 18:00:00', 5,   20, 70),

-- Dec.18 line11 north to south
(11, 1, "start", '2024-12-18 11:00:00',  5,   20, 70),
(11, 2, "stop", '2024-12-18 13:00:00',  5,   20, 70),
(11, 3, "stop", '2024-12-18 15:00:00',  5,   20, 70),
(11, 4,  "stop", '2024-12-18 17:00:00',  5,   20, 70),
(11, 5, "stop", '2024-12-18 19:00:00',  5,   20, 70),
(11, 6, "stop", '2024-12-18 21:00:00',  5,   20, 70),
(11, 7, "end", '2024-12-18 23:00:00',  5,   20, 70),
-- Dec.18 line12 south to north
(12, 7, "start", '2024-12-18 11:00:00',  5,   20, 70),
(12, 6, "stop", '2024-12-18 13:00:00',  5,   20, 70),
(12, 5, "stop", '2024-12-18 15:00:00',  5,   20, 70),
(12, 4,  "stop", '2024-12-18 17:00:00',  5,   20, 70),
(12, 3, "stop", '2024-12-18 19:00:00',  5,   20, 70),
(12, 2, "stop", '2024-12-18 21:00:00',  5,   20, 70),
(12, 1, "end", '2024-12-18 23:00:00',  5,   20, 70),
-- Dec.18 line 13 east to west
(13, 3, "start", '2024-12-18 14:00:00',  5,   20, 70),
(13, 8, "stop", '2024-12-18 17:00:00',  5,   20, 70),
(13, 9, "stop", '2024-12-18 20:00:00', 5,   20, 70),
(13, 10, "end", '2024-12-18 23:00:00',  5,   20, 70),
-- Dec.18 line 14 west to east
(14, 10, "start", '2024-12-18 14:00:00',  5,   20, 70),
(14, 9, "stop", '2024-12-18 17:00:00',  5,   20, 70),
(14, 8, "stop", '2024-12-18 20:00:00',  5,   20, 70),
(14, 3, "end", '2024-12-18 23:00:00',  5,   20, 70),
-- Dec.18 line 15 east to west
(15, 4, "start", '2024-12-18 15:00:00',  5,   20, 70),
(15, 12, "stop", '2024-12-18 17:00:00',  5,   20, 70),
(15, 8, "stop", '2024-12-18 19:00:00',  5,   20, 70),
(15, 9, "stop", '2024-12-18 21:00:00',  5,   20, 70),
(15, 11, "end", '2024-12-18 23:00:00',  5,   20, 70),
 -- Dec.18 line 16 west to east
(16, 11, "start", '2024-12-18 15:00:00',  5,   20, 70),
(16, 9, "stop", '2024-12-18 17:00:00',  5,   20, 70),
(16, 8, "stop", '2024-12-18 19:00:00',  5,   20, 70),
(16, 12, "stop", '2024-12-18 21:00:00',  5,   20, 70),
(16, 4, "end", '2024-12-18 23:00:00',  5,   20, 70),
-- Dec.18 line 17 east to west
(17, 5, "start", '2024-12-18 17:00:00',  5,   20, 70),
(17, 13, "stop", '2024-12-18 20:00:00',  5,   20, 70),
(17, 14, "end", '2024-12-18 23:00:00',  5,   20, 70),
-- Dec.18 line 18 west to east
(18, 14, "start", '2024-12-18 17:00:00',  5,   20, 70),
(18, 13, "stop", '2024-12-18 20:00:00',  5,   20, 70),
(18, 5, "end", '2024-12-18 23:00:00',  5,   20, 70),
-- Dec.18 line 19 north to south
(19, 10, "start", '2024-12-18 12:00:00',  5,   20, 70),
(19, 9, "stop", '2024-12-18 15:00:00',  5,   20, 70),
(19, 11, "stop", '2024-12-18 18:00:00',  5,   20, 70),
(19, 14, "stop", '2024-12-18 20:00:00',  5,   20, 70),
(19, 15, "end", '2024-12-18 23:00:00',  5,   20, 70),
-- Dec.18 line 20 north to south
(20, 15, "start", '2024-12-18 12:00:00', 5,   20, 70),
(20, 14, "stop", '2024-12-18 15:00:00', 5,   20, 70),
(20, 11, "stop", '2024-12-18 18:00:00', 5,   20, 70),
(20, 9, "stop", '2024-12-18 20:00:00', 5,   20, 70),
(20, 10, "end", '2024-12-18 23:00:00', 5,   20, 70),



-- Dec.19 line1 north to south
(1, 1, "start", '2024-12-19 07:00:00',  5,   20, 70),
(1, 2, "stop", '2024-12-19 09:00:00',  5,   20, 70),
(1, 3, "stop", '2024-12-19 11:00:00',  5,   20, 70),
(1, 4,  "stop", '2024-12-19 13:00:00',  5,   20, 70),
(1, 5, "stop", '2024-12-19 15:00:00',  5,   20, 70),
(1, 6, "stop", '2024-12-19 17:00:00',  5,   20, 70),
(1, 7, "end", '2024-12-19 19:00:00',  5,   20, 70),
-- Dec.19 line2 south to north
(2, 7, "start", '2024-12-19 07:00:00',  5,   20, 70),
(2, 6, "stop", '2024-12-19 09:00:00',  5,   20, 70),
(2, 5, "stop", '2024-12-19 11:00:00',  5,   20, 70),
(2, 4,  "stop", '2024-12-19 13:00:00',  5,   20, 70),
(2, 3, "stop", '2024-12-19 15:00:00',  5,   20, 70),
(2, 2, "stop", '2024-12-19 17:00:00',  5,   20, 70),
(2, 1, "end", '2024-12-19 19:00:00',  5,   20, 70),
-- Dec.19 line 3 east to west
(3, 3, "start", '2024-12-19 07:00:00',  5,   20, 70),
(3, 8, "stop", '2024-12-19 10:00:00',  5,   20, 70),
(3, 9, "stop", '2024-12-19 13:00:00', 5,   20, 70),
(3, 10, "end", '2024-12-19 16:00:00',  5,   20, 70),
-- Dec.19 line 4 west to east
(4, 10, "start", '2024-12-19 07:00:00',  5,   20, 70),
(4, 9, "stop", '2024-12-19 10:00:00',  5,   20, 70),
(4, 8, "stop", '2024-12-19 13:00:00',  5,   20, 70),
(4, 3, "end", '2024-12-19 16:00:00',  5,   20, 70),
-- Dec.19 line 5 east to west
(5, 4, "start", '2024-12-19 07:00:00',  5,   20, 70),
(5, 12, "stop", '2024-12-19 09:00:00',  5,   20, 70),
(5, 8, "stop", '2024-12-19 11:00:00',  5,   20, 70),
(5, 9, "stop", '2024-12-19 13:00:00',  5,   20, 70),
(5, 11, "end", '2024-12-19 15:00:00',  5,   20, 70),
 -- Dec.19 line 6 west to east
(6, 11, "start", '2024-12-19 07:00:00',  5,   20, 70),
(6, 9, "stop", '2024-12-19 09:00:00',  5,   20, 70),
(6, 8, "stop", '2024-12-19 11:00:00',  5,   20, 70),
(6, 12, "stop", '2024-12-19 13:00:00',  5,   20, 70),
(6, 4, "end", '2024-12-19 15:00:00',  5,   20, 70),
-- Dec.19 line 7 east to west
(7, 5, "start", '2024-12-19 07:00:00',  5,   20, 70),
(7, 13, "stop", '2024-12-19 10:00:00',  5,   20, 70),
(7, 14, "end", '2024-12-19 13:00:00',  5,   20, 70),
-- Dec.19 line 8 west to east
(8, 14, "start", '2024-12-19 07:00:00',  5,   20, 70),
(8, 13, "stop", '2024-12-19 10:00:00',  5,   20, 70),
(8, 5, "end", '2024-12-19 13:00:00',  5,   20, 70),
-- Dec.19 line 9 north to south
(9, 10, "start", '2024-12-19 07:00:00',  5,   20, 70),
(9, 9, "stop", '2024-12-19 10:00:00',  5,   20, 70),
(9, 11, "stop", '2024-12-19 13:00:00',  5,   20, 70),
(9, 14, "stop", '2024-12-19 15:00:00',  5,   20, 70),
(9, 15, "end", '2024-12-19 18:00:00',  5,   20, 70),
-- Dec.19 line 10 north to south
(10, 15, "start", '2024-12-19 07:00:00', 5,   20, 70),
(10, 14, "stop", '2024-12-19 10:00:00', 5,   20, 70),
(10, 11, "stop", '2024-12-19 13:00:00', 5,   20, 70),
(10, 9, "stop", '2024-12-19 15:00:00', 5,   20, 70),
(10, 10, "end", '2024-12-19 18:00:00', 5,   20, 70),

-- Dec.19 line11 north to south
(11, 1, "start", '2024-12-19 11:00:00',  5,   20, 70),
(11, 2, "stop", '2024-12-19 13:00:00',  5,   20, 70),
(11, 3, "stop", '2024-12-19 15:00:00',  5,   20, 70),
(11, 4,  "stop", '2024-12-19 17:00:00',  5,   20, 70),
(11, 5, "stop", '2024-12-19 19:00:00',  5,   20, 70),
(11, 6, "stop", '2024-12-19 21:00:00',  5,   20, 70),
(11, 7, "end", '2024-12-19 23:00:00',  5,   20, 70),
-- Dec.19 line12 south to north
(12, 7, "start", '2024-12-19 11:00:00',  5,   20, 70),
(12, 6, "stop", '2024-12-19 13:00:00',  5,   20, 70),
(12, 5, "stop", '2024-12-19 15:00:00',  5,   20, 70),
(12, 4,  "stop", '2024-12-19 17:00:00',  5,   20, 70),
(12, 3, "stop", '2024-12-19 19:00:00',  5,   20, 70),
(12, 2, "stop", '2024-12-19 21:00:00',  5,   20, 70),
(12, 1, "end", '2024-12-19 23:00:00',  5,   20, 70),
-- Dec.19 line 13 east to west
(13, 3, "start", '2024-12-19 14:00:00',  5,   20, 70),
(13, 8, "stop", '2024-12-19 17:00:00',  5,   20, 70),
(13, 9, "stop", '2024-12-19 20:00:00', 5,   20, 70),
(13, 10, "end", '2024-12-19 23:00:00',  5,   20, 70),
-- Dec.19 line 14 west to east
(14, 10, "start", '2024-12-19 14:00:00',  5,   20, 70),
(14, 9, "stop", '2024-12-19 17:00:00',  5,   20, 70),
(14, 8, "stop", '2024-12-19 20:00:00',  5,   20, 70),
(14, 3, "end", '2024-12-19 23:00:00',  5,   20, 70),
-- Dec.19 line 15 east to west
(15, 4, "start", '2024-12-19 15:00:00',  5,   20, 70),
(15, 12, "stop", '2024-12-19 17:00:00',  5,   20, 70),
(15, 8, "stop", '2024-12-19 19:00:00',  5,   20, 70),
(15, 9, "stop", '2024-12-19 21:00:00',  5,   20, 70),
(15, 11, "end", '2024-12-19 23:00:00',  5,   20, 70),
 -- Dec.19 line 16 west to east
(16, 11, "start", '2024-12-19 15:00:00',  5,   20, 70),
(16, 9, "stop", '2024-12-19 17:00:00',  5,   20, 70),
(16, 8, "stop", '2024-12-19 19:00:00',  5,   20, 70),
(16, 12, "stop", '2024-12-19 21:00:00',  5,   20, 70),
(16, 4, "end", '2024-12-19 23:00:00',  5,   20, 70),
-- Dec.19 line 17 east to west
(17, 5, "start", '2024-12-19 17:00:00',  5,   20, 70),
(17, 13, "stop", '2024-12-19 20:00:00',  5,   20, 70),
(17, 14, "end", '2024-12-19 23:00:00',  5,   20, 70),
-- Dec.19 line 18 west to east
(18, 14, "start", '2024-12-19 17:00:00',  5,   20, 70),
(18, 13, "stop", '2024-12-19 20:00:00',  5,   20, 70),
(18, 5, "end", '2024-12-19 23:00:00',  5,   20, 70),
-- Dec.19 line 19 north to south
(19, 10, "start", '2024-12-19 12:00:00',  5,   20, 70),
(19, 9, "stop", '2024-12-19 15:00:00',  5,   20, 70),
(19, 11, "stop", '2024-12-19 18:00:00',  5,   20, 70),
(19, 14, "stop", '2024-12-19 20:00:00',  5,   20, 70),
(19, 15, "end", '2024-12-19 23:00:00',  5,   20, 70),
-- Dec.19 line 20 north to south
(20, 15, "start", '2024-12-19 12:00:00', 5,   20, 70),
(20, 14, "stop", '2024-12-19 15:00:00', 5,   20, 70),
(20, 11, "stop", '2024-12-19 18:00:00', 5,   20, 70),
(20, 9, "stop", '2024-12-19 20:00:00', 5,   20, 70),
(20, 10, "end", '2024-12-19 23:00:00', 5,   20, 70),



-- Dec.20 line1 north to south
(1, 1, "start", '2024-12-20 07:00:00',  5,   20, 70),
(1, 2, "stop", '2024-12-20 09:00:00',  5,   20, 70),
(1, 3, "stop", '2024-12-20 11:00:00',  5,   20, 70),
(1, 4,  "stop", '2024-12-20 13:00:00',  5,   20, 70),
(1, 5, "stop", '2024-12-20 15:00:00',  5,   20, 70),
(1, 6, "stop", '2024-12-20 17:00:00',  5,   20, 70),
(1, 7, "end", '2024-12-20 19:00:00',  5,   20, 70),
-- Dec.20 line2 south to north
(2, 7, "start", '2024-12-20 07:00:00',  5,   20, 70),
(2, 6, "stop", '2024-12-20 09:00:00',  5,   20, 70),
(2, 5, "stop", '2024-12-20 11:00:00',  5,   20, 70),
(2, 4,  "stop", '2024-12-20 13:00:00',  5,   20, 70),
(2, 3, "stop", '2024-12-20 15:00:00',  5,   20, 70),
(2, 2, "stop", '2024-12-20 17:00:00',  5,   20, 70),
(2, 1, "end", '2024-12-20 19:00:00',  5,   20, 70),
-- Dec.20 line 3 east to west
(3, 3, "start", '2024-12-20 07:00:00',  5,   20, 70),
(3, 8, "stop", '2024-12-20 10:00:00',  5,   20, 70),
(3, 9, "stop", '2024-12-20 13:00:00', 5,   20, 70),
(3, 10, "end", '2024-12-20 16:00:00',  5,   20, 70),
-- Dec.20 line 4 west to east
(4, 10, "start", '2024-12-20 07:00:00',  5,   20, 70),
(4, 9, "stop", '2024-12-20 10:00:00',  5,   20, 70),
(4, 8, "stop", '2024-12-20 13:00:00',  5,   20, 70),
(4, 3, "end", '2024-12-20 16:00:00',  5,   20, 70),
-- Dec.20 line 5 east to west
(5, 4, "start", '2024-12-20 07:00:00',  5,   20, 70),
(5, 12, "stop", '2024-12-20 09:00:00',  5,   20, 70),
(5, 8, "stop", '2024-12-20 11:00:00',  5,   20, 70),
(5, 9, "stop", '2024-12-20 13:00:00',  5,   20, 70),
(5, 11, "end", '2024-12-20 15:00:00',  5,   20, 70),
 -- Dec.20 line 6 west to east
(6, 11, "start", '2024-12-20 07:00:00',  5,   20, 70),
(6, 9, "stop", '2024-12-20 09:00:00',  5,   20, 70),
(6, 8, "stop", '2024-12-20 11:00:00',  5,   20, 70),
(6, 12, "stop", '2024-12-20 13:00:00',  5,   20, 70),
(6, 4, "end", '2024-12-20 15:00:00',  5,   20, 70),
-- Dec.20 line 7 east to west
(7, 5, "start", '2024-12-20 07:00:00',  5,   20, 70),
(7, 13, "stop", '2024-12-20 10:00:00',  5,   20, 70),
(7, 14, "end", '2024-12-20 13:00:00',  5,   20, 70),
-- Dec.20 line 8 west to east
(8, 14, "start", '2024-12-20 07:00:00',  5,   20, 70),
(8, 13, "stop", '2024-12-20 10:00:00',  5,   20, 70),
(8, 5, "end", '2024-12-20 13:00:00',  5,   20, 70),
-- Dec.20 line 9 north to south
(9, 10, "start", '2024-12-20 07:00:00',  5,   20, 70),
(9, 9, "stop", '2024-12-20 10:00:00',  5,   20, 70),
(9, 11, "stop", '2024-12-20 13:00:00',  5,   20, 70),
(9, 14, "stop", '2024-12-20 15:00:00',  5,   20, 70),
(9, 15, "end", '2024-12-20 18:00:00',  5,   20, 70),
-- Dec.20 line 10 north to south
(10, 15, "start", '2024-12-20 07:00:00', 5,   20, 70),
(10, 14, "stop", '2024-12-20 10:00:00', 5,   20, 70),
(10, 11, "stop", '2024-12-20 13:00:00', 5,   20, 70),
(10, 9, "stop", '2024-12-20 15:00:00', 5,   20, 70),
(10, 10, "end", '2024-12-20 18:00:00', 5,   20, 70),

-- Dec.20 line11 north to south
(11, 1, "start", '2024-12-20 11:00:00',  5,   20, 70),
(11, 2, "stop", '2024-12-20 13:00:00',  5,   20, 70),
(11, 3, "stop", '2024-12-20 15:00:00',  5,   20, 70),
(11, 4,  "stop", '2024-12-20 17:00:00',  5,   20, 70),
(11, 5, "stop", '2024-12-20 19:00:00',  5,   20, 70),
(11, 6, "stop", '2024-12-20 21:00:00',  5,   20, 70),
(11, 7, "end", '2024-12-20 23:00:00',  5,   20, 70),
-- Dec.20 line12 south to north
(12, 7, "start", '2024-12-20 11:00:00',  5,   20, 70),
(12, 6, "stop", '2024-12-20 13:00:00',  5,   20, 70),
(12, 5, "stop", '2024-12-20 15:00:00',  5,   20, 70),
(12, 4,  "stop", '2024-12-20 17:00:00',  5,   20, 70),
(12, 3, "stop", '2024-12-20 19:00:00',  5,   20, 70),
(12, 2, "stop", '2024-12-20 21:00:00',  5,   20, 70),
(12, 1, "end", '2024-12-20 23:00:00',  5,   20, 70),
-- Dec.20 line 13 east to west
(13, 3, "start", '2024-12-20 14:00:00',  5,   20, 70),
(13, 8, "stop", '2024-12-20 17:00:00',  5,   20, 70),
(13, 9, "stop", '2024-12-20 20:00:00', 5,   20, 70),
(13, 10, "end", '2024-12-20 23:00:00',  5,   20, 70),
-- Dec.20 line 14 west to east
(14, 10, "start", '2024-12-20 14:00:00',  5,   20, 70),
(14, 9, "stop", '2024-12-20 17:00:00',  5,   20, 70),
(14, 8, "stop", '2024-12-20 20:00:00',  5,   20, 70),
(14, 3, "end", '2024-12-20 23:00:00',  5,   20, 70),
-- Dec.20 line 15 east to west
(15, 4, "start", '2024-12-20 15:00:00',  5,   20, 70),
(15, 12, "stop", '2024-12-20 17:00:00',  5,   20, 70),
(15, 8, "stop", '2024-12-20 19:00:00',  5,   20, 70),
(15, 9, "stop", '2024-12-20 21:00:00',  5,   20, 70),
(15, 11, "end", '2024-12-20 23:00:00',  5,   20, 70),
 -- Dec.20 line 16 west to east
(16, 11, "start", '2024-12-20 15:00:00',  5,   20, 70),
(16, 9, "stop", '2024-12-20 17:00:00',  5,   20, 70),
(16, 8, "stop", '2024-12-20 19:00:00',  5,   20, 70),
(16, 12, "stop", '2024-12-20 21:00:00',  5,   20, 70),
(16, 4, "end", '2024-12-20 23:00:00',  5,   20, 70),
-- Dec.20 line 17 east to west
(17, 5, "start", '2024-12-20 17:00:00',  5,   20, 70),
(17, 13, "stop", '2024-12-20 20:00:00',  5,   20, 70),
(17, 14, "end", '2024-12-20 23:00:00',  5,   20, 70),
-- Dec.20 line 18 west to east
(18, 14, "start", '2024-12-20 17:00:00',  5,   20, 70),
(18, 13, "stop", '2024-12-20 20:00:00',  5,   20, 70),
(18, 5, "end", '2024-12-20 23:00:00',  5,   20, 70),
-- Dec.20 line 19 north to south
(19, 10, "start", '2024-12-20 12:00:00',  5,   20, 70),
(19, 9, "stop", '2024-12-20 15:00:00',  5,   20, 70),
(19, 11, "stop", '2024-12-20 18:00:00',  5,   20, 70),
(19, 14, "stop", '2024-12-20 20:00:00',  5,   20, 70),
(19, 15, "end", '2024-12-20 23:00:00',  5,   20, 70),
-- Dec.20 line 20 north to south
(20, 15, "start", '2024-12-20 12:00:00', 5,   20, 70),
(20, 14, "stop", '2024-12-20 15:00:00', 5,   20, 70),
(20, 11, "stop", '2024-12-20 18:00:00', 5,   20, 70),
(20, 9, "stop", '2024-12-20 20:00:00', 5,   20, 70),
(20, 10, "end", '2024-12-20 23:00:00', 5,   20, 70),



-- Dec.21 line1 north to south
(1, 1, "start", '2024-12-21 07:00:00',  5,   20, 70),
(1, 2, "stop", '2024-12-21 09:00:00',  5,   20, 70),
(1, 3, "stop", '2024-12-21 11:00:00',  5,   20, 70),
(1, 4,  "stop", '2024-12-21 13:00:00',  5,   20, 70),
(1, 5, "stop", '2024-12-21 15:00:00',  5,   20, 70),
(1, 6, "stop", '2024-12-21 17:00:00',  5,   20, 70),
(1, 7, "end", '2024-12-21 19:00:00',  5,   20, 70),
-- Dec.21 line2 south to north
(2, 7, "start", '2024-12-21 07:00:00',  5,   20, 70),
(2, 6, "stop", '2024-12-21 09:00:00',  5,   20, 70),
(2, 5, "stop", '2024-12-21 11:00:00',  5,   20, 70),
(2, 4,  "stop", '2024-12-21 13:00:00',  5,   20, 70),
(2, 3, "stop", '2024-12-21 15:00:00',  5,   20, 70),
(2, 2, "stop", '2024-12-21 17:00:00',  5,   20, 70),
(2, 1, "end", '2024-12-21 19:00:00',  5,   20, 70),
-- Dec.21 line 3 east to west
(3, 3, "start", '2024-12-21 07:00:00',  5,   20, 70),
(3, 8, "stop", '2024-12-21 10:00:00',  5,   20, 70),
(3, 9, "stop", '2024-12-21 13:00:00', 5,   20, 70),
(3, 10, "end", '2024-12-21 16:00:00',  5,   20, 70),
-- Dec.21 line 4 west to east
(4, 10, "start", '2024-12-21 07:00:00',  5,   20, 70),
(4, 9, "stop", '2024-12-21 10:00:00',  5,   20, 70),
(4, 8, "stop", '2024-12-21 13:00:00',  5,   20, 70),
(4, 3, "end", '2024-12-21 16:00:00',  5,   20, 70),
-- Dec.21 line 5 east to west
(5, 4, "start", '2024-12-21 07:00:00',  5,   20, 70),
(5, 12, "stop", '2024-12-21 09:00:00',  5,   20, 70),
(5, 8, "stop", '2024-12-21 11:00:00',  5,   20, 70),
(5, 9, "stop", '2024-12-21 13:00:00',  5,   20, 70),
(5, 11, "end", '2024-12-21 15:00:00',  5,   20, 70),
 -- Dec.21 line 6 west to east
(6, 11, "start", '2024-12-21 07:00:00',  5,   20, 70),
(6, 9, "stop", '2024-12-21 09:00:00',  5,   20, 70),
(6, 8, "stop", '2024-12-21 11:00:00',  5,   20, 70),
(6, 12, "stop", '2024-12-21 13:00:00',  5,   20, 70),
(6, 4, "end", '2024-12-21 15:00:00',  5,   20, 70),
-- Dec.21 line 7 east to west
(7, 5, "start", '2024-12-21 07:00:00',  5,   20, 70),
(7, 13, "stop", '2024-12-21 10:00:00',  5,   20, 70),
(7, 14, "end", '2024-12-21 13:00:00',  5,   20, 70),
-- Dec.21 line 8 west to east
(8, 14, "start", '2024-12-21 07:00:00',  5,   20, 70),
(8, 13, "stop", '2024-12-21 10:00:00',  5,   20, 70),
(8, 5, "end", '2024-12-21 13:00:00',  5,   20, 70),
-- Dec.21 line 9 north to south
(9, 10, "start", '2024-12-21 07:00:00',  5,   20, 70),
(9, 9, "stop", '2024-12-21 10:00:00',  5,   20, 70),
(9, 11, "stop", '2024-12-21 13:00:00',  5,   20, 70),
(9, 14, "stop", '2024-12-21 15:00:00',  5,   20, 70),
(9, 15, "end", '2024-12-21 18:00:00',  5,   20, 70),
-- Dec.21 line 10 north to south
(10, 15, "start", '2024-12-21 07:00:00', 5,   20, 70),
(10, 14, "stop", '2024-12-21 10:00:00', 5,   20, 70),
(10, 11, "stop", '2024-12-21 13:00:00', 5,   20, 70),
(10, 9, "stop", '2024-12-21 15:00:00', 5,   20, 70),
(10, 10, "end", '2024-12-21 18:00:00', 5,   20, 70),

-- Dec.21 line11 north to south
(11, 1, "start", '2024-12-21 11:00:00',  5,   20, 70),
(11, 2, "stop", '2024-12-21 13:00:00',  5,   20, 70),
(11, 3, "stop", '2024-12-21 15:00:00',  5,   20, 70),
(11, 4,  "stop", '2024-12-21 17:00:00',  5,   20, 70),
(11, 5, "stop", '2024-12-21 19:00:00',  5,   20, 70),
(11, 6, "stop", '2024-12-21 21:00:00',  5,   20, 70),
(11, 7, "end", '2024-12-21 23:00:00',  5,   20, 70),
-- Dec.21 line12 south to north
(12, 7, "start", '2024-12-21 11:00:00',  5,   20, 70),
(12, 6, "stop", '2024-12-21 13:00:00',  5,   20, 70),
(12, 5, "stop", '2024-12-21 15:00:00',  5,   20, 70),
(12, 4,  "stop", '2024-12-21 17:00:00',  5,   20, 70),
(12, 3, "stop", '2024-12-21 19:00:00',  5,   20, 70),
(12, 2, "stop", '2024-12-21 21:00:00',  5,   20, 70),
(12, 1, "end", '2024-12-21 23:00:00',  5,   20, 70),
-- Dec.21 line 13 east to west
(13, 3, "start", '2024-12-21 14:00:00',  5,   20, 70),
(13, 8, "stop", '2024-12-21 17:00:00',  5,   20, 70),
(13, 9, "stop", '2024-12-21 20:00:00', 5,   20, 70),
(13, 10, "end", '2024-12-21 23:00:00',  5,   20, 70),
-- Dec.21 line 14 west to east
(14, 10, "start", '2024-12-21 14:00:00',  5,   20, 70),
(14, 9, "stop", '2024-12-21 17:00:00',  5,   20, 70),
(14, 8, "stop", '2024-12-21 20:00:00',  5,   20, 70),
(14, 3, "end", '2024-12-21 23:00:00',  5,   20, 70),
-- Dec.21 line 15 east to west
(15, 4, "start", '2024-12-21 15:00:00',  5,   20, 70),
(15, 12, "stop", '2024-12-21 17:00:00',  5,   20, 70),
(15, 8, "stop", '2024-12-21 19:00:00',  5,   20, 70),
(15, 9, "stop", '2024-12-21 21:00:00',  5,   20, 70),
(15, 11, "end", '2024-12-21 23:00:00',  5,   20, 70),
 -- Dec.21 line 16 west to east
(16, 11, "start", '2024-12-21 15:00:00',  5,   20, 70),
(16, 9, "stop", '2024-12-21 17:00:00',  5,   20, 70),
(16, 8, "stop", '2024-12-21 19:00:00',  5,   20, 70),
(16, 12, "stop", '2024-12-21 21:00:00',  5,   20, 70),
(16, 4, "end", '2024-12-21 23:00:00',  5,   20, 70),
-- Dec.21 line 17 east to west
(17, 5, "start", '2024-12-21 17:00:00',  5,   20, 70),
(17, 13, "stop", '2024-12-21 20:00:00',  5,   20, 70),
(17, 14, "end", '2024-12-21 23:00:00',  5,   20, 70),
-- Dec.21 line 18 west to east
(18, 14, "start", '2024-12-21 17:00:00',  5,   20, 70),
(18, 13, "stop", '2024-12-21 20:00:00',  5,   20, 70),
(18, 5, "end", '2024-12-21 23:00:00',  5,   20, 70),
-- Dec.21 line 19 north to south
(19, 10, "start", '2024-12-21 12:00:00',  5,   20, 70),
(19, 9, "stop", '2024-12-21 15:00:00',  5,   20, 70),
(19, 11, "stop", '2024-12-21 18:00:00',  5,   20, 70),
(19, 14, "stop", '2024-12-21 20:00:00',  5,   20, 70),
(19, 15, "end", '2024-12-21 23:00:00',  5,   20, 70),
-- Dec.21 line 20 north to south
(20, 15, "start", '2024-12-21 12:00:00', 5,   20, 70),
(20, 14, "stop", '2024-12-21 15:00:00', 5,   20, 70),
(20, 11, "stop", '2024-12-21 18:00:00', 5,   20, 70),
(20, 9, "stop", '2024-12-21 20:00:00', 5,   20, 70),
(20, 10, "end", '2024-12-21 23:00:00', 5,   20, 70),



-- Dec.22 line1 north to south
(1, 1, "start", '2024-12-22 07:00:00',  5,   20, 70),
(1, 2, "stop", '2024-12-22 09:00:00',  5,   20, 70),
(1, 3, "stop", '2024-12-22 11:00:00',  5,   20, 70),
(1, 4,  "stop", '2024-12-22 13:00:00',  5,   20, 70),
(1, 5, "stop", '2024-12-22 15:00:00',  5,   20, 70),
(1, 6, "stop", '2024-12-22 17:00:00',  5,   20, 70),
(1, 7, "end", '2024-12-22 19:00:00',  5,   20, 70),
-- Dec.22 line2 south to north
(2, 7, "start", '2024-12-22 07:00:00',  5,   20, 70),
(2, 6, "stop", '2024-12-22 09:00:00',  5,   20, 70),
(2, 5, "stop", '2024-12-22 11:00:00',  5,   20, 70),
(2, 4,  "stop", '2024-12-22 13:00:00',  5,   20, 70),
(2, 3, "stop", '2024-12-22 15:00:00',  5,   20, 70),
(2, 2, "stop", '2024-12-22 17:00:00',  5,   20, 70),
(2, 1, "end", '2024-12-22 19:00:00',  5,   20, 70),
-- Dec.22 line 3 east to west
(3, 3, "start", '2024-12-22 07:00:00',  5,   20, 70),
(3, 8, "stop", '2024-12-22 10:00:00',  5,   20, 70),
(3, 9, "stop", '2024-12-22 13:00:00', 5,   20, 70),
(3, 10, "end", '2024-12-22 16:00:00',  5,   20, 70),
-- Dec.22 line 4 west to east
(4, 10, "start", '2024-12-22 07:00:00',  5,   20, 70),
(4, 9, "stop", '2024-12-22 10:00:00',  5,   20, 70),
(4, 8, "stop", '2024-12-22 13:00:00',  5,   20, 70),
(4, 3, "end", '2024-12-22 16:00:00',  5,   20, 70),
-- Dec.22 line 5 east to west
(5, 4, "start", '2024-12-22 07:00:00',  5,   20, 70),
(5, 12, "stop", '2024-12-22 09:00:00',  5,   20, 70),
(5, 8, "stop", '2024-12-22 11:00:00',  5,   20, 70),
(5, 9, "stop", '2024-12-22 13:00:00',  5,   20, 70),
(5, 11, "end", '2024-12-22 15:00:00',  5,   20, 70),
 -- Dec.22 line 6 west to east
(6, 11, "start", '2024-12-22 07:00:00',  5,   20, 70),
(6, 9, "stop", '2024-12-22 09:00:00',  5,   20, 70),
(6, 8, "stop", '2024-12-22 11:00:00',  5,   20, 70),
(6, 12, "stop", '2024-12-22 13:00:00',  5,   20, 70),
(6, 4, "end", '2024-12-22 15:00:00',  5,   20, 70),
-- Dec.22 line 7 east to west
(7, 5, "start", '2024-12-22 07:00:00',  5,   20, 70),
(7, 13, "stop", '2024-12-22 10:00:00',  5,   20, 70),
(7, 14, "end", '2024-12-22 13:00:00',  5,   20, 70),
-- Dec.22 line 8 west to east
(8, 14, "start", '2024-12-22 07:00:00',  5,   20, 70),
(8, 13, "stop", '2024-12-22 10:00:00',  5,   20, 70),
(8, 5, "end", '2024-12-22 13:00:00',  5,   20, 70),
-- Dec.22 line 9 north to south
(9, 10, "start", '2024-12-22 07:00:00',  5,   20, 70),
(9, 9, "stop", '2024-12-22 10:00:00',  5,   20, 70),
(9, 11, "stop", '2024-12-22 13:00:00',  5,   20, 70),
(9, 14, "stop", '2024-12-22 15:00:00',  5,   20, 70),
(9, 15, "end", '2024-12-22 18:00:00',  5,   20, 70),
-- Dec.22 line 10 north to south
(10, 15, "start", '2024-12-22 07:00:00', 5,   20, 70),
(10, 14, "stop", '2024-12-22 10:00:00', 5,   20, 70),
(10, 11, "stop", '2024-12-22 13:00:00', 5,   20, 70),
(10, 9, "stop", '2024-12-22 15:00:00', 5,   20, 70),
(10, 10, "end", '2024-12-22 18:00:00', 5,   20, 70),

-- Dec.22 line11 north to south
(11, 1, "start", '2024-12-22 11:00:00',  5,   20, 70),
(11, 2, "stop", '2024-12-22 13:00:00',  5,   20, 70),
(11, 3, "stop", '2024-12-22 15:00:00',  5,   20, 70),
(11, 4,  "stop", '2024-12-22 17:00:00',  5,   20, 70),
(11, 5, "stop", '2024-12-22 19:00:00',  5,   20, 70),
(11, 6, "stop", '2024-12-22 21:00:00',  5,   20, 70),
(11, 7, "end", '2024-12-22 23:00:00',  5,   20, 70),
-- Dec.22 line12 south to north
(12, 7, "start", '2024-12-22 11:00:00',  5,   20, 70),
(12, 6, "stop", '2024-12-22 13:00:00',  5,   20, 70),
(12, 5, "stop", '2024-12-22 15:00:00',  5,   20, 70),
(12, 4,  "stop", '2024-12-22 17:00:00',  5,   20, 70),
(12, 3, "stop", '2024-12-22 19:00:00',  5,   20, 70),
(12, 2, "stop", '2024-12-22 21:00:00',  5,   20, 70),
(12, 1, "end", '2024-12-22 23:00:00',  5,   20, 70),
-- Dec.22 line 13 east to west
(13, 3, "start", '2024-12-22 14:00:00',  5,   20, 70),
(13, 8, "stop", '2024-12-22 17:00:00',  5,   20, 70),
(13, 9, "stop", '2024-12-22 20:00:00', 5,   20, 70),
(13, 10, "end", '2024-12-22 23:00:00',  5,   20, 70),
-- Dec.22 line 14 west to east
(14, 10, "start", '2024-12-22 14:00:00',  5,   20, 70),
(14, 9, "stop", '2024-12-22 17:00:00',  5,   20, 70),
(14, 8, "stop", '2024-12-22 20:00:00',  5,   20, 70),
(14, 3, "end", '2024-12-22 23:00:00',  5,   20, 70),
-- Dec.22 line 15 east to west
(15, 4, "start", '2024-12-22 15:00:00',  5,   20, 70),
(15, 12, "stop", '2024-12-22 17:00:00',  5,   20, 70),
(15, 8, "stop", '2024-12-22 19:00:00',  5,   20, 70),
(15, 9, "stop", '2024-12-22 21:00:00',  5,   20, 70),
(15, 11, "end", '2024-12-22 23:00:00',  5,   20, 70),
 -- Dec.22 line 16 west to east
(16, 11, "start", '2024-12-22 15:00:00',  5,   20, 70),
(16, 9, "stop", '2024-12-22 17:00:00',  5,   20, 70),
(16, 8, "stop", '2024-12-22 19:00:00',  5,   20, 70),
(16, 12, "stop", '2024-12-22 21:00:00',  5,   20, 70),
(16, 4, "end", '2024-12-22 23:00:00',  5,   20, 70),
-- Dec.22 line 17 east to west
(17, 5, "start", '2024-12-22 17:00:00',  5,   20, 70),
(17, 13, "stop", '2024-12-22 20:00:00',  5,   20, 70),
(17, 14, "end", '2024-12-22 23:00:00',  5,   20, 70),
-- Dec.22 line 18 west to east
(18, 14, "start", '2024-12-22 17:00:00',  5,   20, 70),
(18, 13, "stop", '2024-12-22 20:00:00',  5,   20, 70),
(18, 5, "end", '2024-12-22 23:00:00',  5,   20, 70),
-- Dec.22 line 19 north to south
(19, 10, "start", '2024-12-22 12:00:00',  5,   20, 70),
(19, 9, "stop", '2024-12-22 15:00:00',  5,   20, 70),
(19, 11, "stop", '2024-12-22 18:00:00',  5,   20, 70),
(19, 14, "stop", '2024-12-22 20:00:00',  5,   20, 70),
(19, 15, "end", '2024-12-22 23:00:00',  5,   20, 70),
-- Dec.22 line 20 north to south
(20, 15, "start", '2024-12-22 12:00:00', 5,   20, 70),
(20, 14, "stop", '2024-12-22 15:00:00', 5,   20, 70),
(20, 11, "stop", '2024-12-22 18:00:00', 5,   20, 70),
(20, 9, "stop", '2024-12-22 20:00:00', 5,   20, 70),
(20, 10, "end", '2024-12-22 23:00:00', 5,   20, 70),



-- Dec. 23 line1 north to south
(1, 1, "start", '2024-12-23 07:00:00',  0,   20, 70),
(1, 2, "stop", '2024-12-23 09:00:00',  0,   20, 70),
(1, 3, "stop", '2024-12-23 11:00:00',  0,   20, 70),
(1, 4,  "stop", '2024-12-23 13:00:00',  5,   20, 70),
(1, 5, "stop", '2024-12-23 15:00:00',  5,   20, 70),
(1, 6, "stop", '2024-12-23 17:00:00',  5,   20, 70),
(1, 7, "end", '2024-12-23 19:00:00',  5,   20, 70),
-- Dec. 23 line2 south to north
(2, 7, "start", '2024-12-23 07:00:00',  5,   20, 70),
(2, 6, "stop", '2024-12-23 09:00:00',  5,   20, 70),
(2, 5, "stop", '2024-12-23 11:00:00',  5,   20, 70),
(2, 4,  "stop", '2024-12-23 13:00:00',  5,   20, 70),
(2, 3, "stop", '2024-12-23 15:00:00',  5,   20, 70),
(2, 2, "stop", '2024-12-23 17:00:00',  5,   20, 70),
(2, 1, "end", '2024-12-23 19:00:00',  5,   20, 70),
-- Dec. 23 line 3 east to west
(3, 3, "start", '2024-12-23 07:00:00',  5,   20, 70),
(3, 8, "stop", '2024-12-23 10:00:00',  5,   20, 70),
(3, 9, "stop", '2024-12-23 13:00:00', 5,   20, 70),
(3, 10, "end", '2024-12-23 16:00:00',  5,   20, 70),
-- Dec. 23 line 4 west to east
(4, 10, "start", '2024-12-23 07:00:00',  5,   20, 70),
(4, 9, "stop", '2024-12-23 10:00:00',  5,   20, 70),
(4, 8, "stop", '2024-12-23 13:00:00',  5,   20, 70),
(4, 3, "end", '2024-12-23 16:00:00',  5,   20, 70),
-- Dec. 23 line 5 east to west
(5, 4, "start", '2024-12-23 07:00:00',  5,   20, 70),
(5, 12, "stop", '2024-12-23 09:00:00',  5,   20, 70),
(5, 8, "stop", '2024-12-23 11:00:00',  5,   20, 70),
(5, 9, "stop", '2024-12-23 13:00:00',  5,   20, 70),
(5, 11, "end", '2024-12-23 15:00:00',  5,   20, 70),
 -- Dec. 23 line 6 west to east
(6, 11, "start", '2024-12-23 07:00:00',  5,   20, 70),
(6, 9, "stop", '2024-12-23 09:00:00',  5,   20, 70),
(6, 8, "stop", '2024-12-23 11:00:00',  5,   20, 70),
(6, 12, "stop", '2024-12-23 13:00:00',  5,   20, 70),
(6, 4, "end", '2024-12-23 15:00:00',  5,   20, 70),
-- Dec. 23 line 7 east to west
(7, 5, "start", '2024-12-23 07:00:00',  5,   20, 70),
(7, 13, "stop", '2024-12-23 10:00:00',  5,   20, 70),
(7, 14, "end", '2024-12-23 13:00:00',  5,   20, 70),
-- Dec. 23 line 8 west to east
(8, 14, "start", '2024-12-23 07:00:00',  5,   20, 70),
(8, 13, "stop", '2024-12-23 10:00:00',  5,   20, 70),
(8, 5, "end", '2024-12-23 13:00:00',  5,   20, 70),
-- Dec. 23 line 9 north to south
(9, 10, "start", '2024-12-23 07:00:00',  5,   20, 70),
(9, 9, "stop", '2024-12-23 10:00:00',  5,   20, 70),
(9, 11, "stop", '2024-12-23 13:00:00',  5,   20, 70),
(9, 14, "stop", '2024-12-23 15:00:00',  5,   20, 70),
(9, 15, "end", '2024-12-23 18:00:00',  5,   20, 70),
-- Dec. 23 line 10 north to south
(10, 15, "start", '2024-12-23 07:00:00', 5,   20, 70),
(10, 14, "stop", '2024-12-23 10:00:00', 5,   20, 70),
(10, 11, "stop", '2024-12-23 13:00:00', 5,   20, 70),
(10, 9, "stop", '2024-12-23 15:00:00', 5,   20, 70),
(10, 10, "end", '2024-12-23 18:00:00', 5,   20, 70),

-- Dec. 23 line11 north to south
(11, 1, "start", '2024-12-23 11:00:00',  5,   20, 70),
(11, 2, "stop", '2024-12-23 13:00:00',  5,   20, 70),
(11, 3, "stop", '2024-12-23 15:00:00',  5,   20, 70),
(11, 4,  "stop", '2024-12-23 17:00:00',  5,   20, 70),
(11, 5, "stop", '2024-12-23 19:00:00',  5,   20, 70),
(11, 6, "stop", '2024-12-23 21:00:00',  5,   20, 70),
(11, 7, "end", '2024-12-23 23:00:00',  5,   20, 70),
-- Dec. 23 line12 south to north
(12, 7, "start", '2024-12-23 11:00:00',  5,   20, 70),
(12, 6, "stop", '2024-12-23 13:00:00',  5,   20, 70),
(12, 5, "stop", '2024-12-23 15:00:00',  5,   20, 70),
(12, 4,  "stop", '2024-12-23 17:00:00',  5,   20, 70),
(12, 3, "stop", '2024-12-23 19:00:00',  5,   20, 70),
(12, 2, "stop", '2024-12-23 21:00:00',  5,   20, 70),
(12, 1, "end", '2024-12-23 23:00:00',  5,   20, 70),
-- Dec. 23 line 13 east to west
(13, 3, "start", '2024-12-23 14:00:00',  5,   20, 70),
(13, 8, "stop", '2024-12-23 17:00:00',  5,   20, 70),
(13, 9, "stop", '2024-12-23 20:00:00', 5,   20, 70),
(13, 10, "end", '2024-12-23 23:00:00',  5,   20, 70),
-- Dec. 23 line 14 west to east
(14, 10, "start", '2024-12-23 14:00:00',  5,   20, 70),
(14, 9, "stop", '2024-12-23 17:00:00',  5,   20, 70),
(14, 8, "stop", '2024-12-23 20:00:00',  5,   20, 70),
(14, 3, "end", '2024-12-23 23:00:00',  5,   20, 70),
-- Dec. 23 line 15 east to west
(15, 4, "start", '2024-12-23 15:00:00',  5,   20, 70),
(15, 12, "stop", '2024-12-23 17:00:00',  5,   20, 70),
(15, 8, "stop", '2024-12-23 19:00:00',  5,   20, 70),
(15, 9, "stop", '2024-12-23 21:00:00',  5,   20, 70),
(15, 11, "end", '2024-12-23 23:00:00',  5,   20, 70),
 -- Dec. 23 line 16 west to east
(16, 11, "start", '2024-12-23 15:00:00',  5,   20, 70),
(16, 9, "stop", '2024-12-23 17:00:00',  5,   20, 70),
(16, 8, "stop", '2024-12-23 19:00:00',  5,   20, 70),
(16, 12, "stop", '2024-12-23 21:00:00',  5,   20, 70),
(16, 4, "end", '2024-12-23 23:00:00',  5,   20, 70),
-- Dec. 23 line 17 east to west
(17, 5, "start", '2024-12-23 17:00:00',  5,   20, 70),
(17, 13, "stop", '2024-12-23 20:00:00',  5,   20, 70),
(17, 14, "end", '2024-12-23 23:00:00',  5,   20, 70),
-- Dec. 23 line 18 west to east
(18, 14, "start", '2024-12-23 17:00:00',  5,   20, 70),
(18, 13, "stop", '2024-12-23 20:00:00',  5,   20, 70),
(18, 5, "end", '2024-12-23 23:00:00',  5,   20, 70),
-- Dec. 23 line 19 north to south
(19, 10, "start", '2024-12-23 12:00:00',  5,   20, 70),
(19, 9, "stop", '2024-12-23 15:00:00',  5,   20, 70),
(19, 11, "stop", '2024-12-23 18:00:00',  5,   20, 70),
(19, 14, "stop", '2024-12-23 20:00:00',  5,   20, 70),
(19, 15, "end", '2024-12-23 23:00:00',  5,   20, 70),
-- Dec. 23 line 20 north to south
(20, 15, "start", '2024-12-23 12:00:00', 5,   20, 70),
(20, 14, "stop", '2024-12-23 15:00:00', 5,   20, 70),
(20, 11, "stop", '2024-12-23 18:00:00', 5,   20, 70),
(20, 9, "stop", '2024-12-23 20:00:00', 5,   20, 70),
(20, 10, "end", '2024-12-23 23:00:00', 5,   20, 70),


 
-- Dec.24 line1 north to south
(1, 1, "start", '2024-12-24 07:00:00',  5,   20, 70),
(1, 2, "stop", '2024-12-24 09:00:00',  5,   20, 70),
(1, 3, "stop", '2024-12-24 11:00:00',  5,   20, 70),
(1, 4,  "stop", '2024-12-24 13:00:00',  5,   20, 70),
(1, 5, "stop", '2024-12-24 15:00:00',  5,   20, 70),
(1, 6, "stop", '2024-12-24 17:00:00',  5,   20, 70),
(1, 7, "end", '2024-12-24 19:00:00',  5,   20, 70),
-- Dec.24 line2 south to north
(2, 7, "start", '2024-12-24 07:00:00',  5,   20, 70),
(2, 6, "stop", '2024-12-24 09:00:00',  5,   20, 70),
(2, 5, "stop", '2024-12-24 11:00:00',  5,   20, 70),
(2, 4,  "stop", '2024-12-24 13:00:00',  5,   20, 70),
(2, 3, "stop", '2024-12-24 15:00:00',  5,   20, 70),
(2, 2, "stop", '2024-12-24 17:00:00',  5,   20, 70),
(2, 1, "end", '2024-12-24 19:00:00',  5,   20, 70),
-- Dec.24 line 3 east to west
(3, 3, "start", '2024-12-24 07:00:00',  5,   20, 70),
(3, 8, "stop", '2024-12-24 10:00:00',  5,   20, 70),
(3, 9, "stop", '2024-12-24 13:00:00', 5,   20, 70),
(3, 10, "end", '2024-12-24 16:00:00',  5,   20, 70),
-- Dec.24 line 4 west to east
(4, 10, "start", '2024-12-24 07:00:00',  5,   20, 70),
(4, 9, "stop", '2024-12-24 10:00:00',  5,   20, 70),
(4, 8, "stop", '2024-12-24 13:00:00',  5,   20, 70),
(4, 3, "end", '2024-12-24 16:00:00',  5,   20, 70),
-- Dec.24 line 5 east to west
(5, 4, "start", '2024-12-24 07:00:00',  5,   20, 70),
(5, 12, "stop", '2024-12-24 09:00:00',  5,   20, 70),
(5, 8, "stop", '2024-12-24 11:00:00',  5,   20, 70),
(5, 9, "stop", '2024-12-24 13:00:00',  5,   20, 70),
(5, 11, "end", '2024-12-24 15:00:00',  5,   20, 70),
 -- Dec.24 line 6 west to east
(6, 11, "start", '2024-12-24 07:00:00',  5,   20, 70),
(6, 9, "stop", '2024-12-24 09:00:00',  5,   20, 70),
(6, 8, "stop", '2024-12-24 11:00:00',  5,   20, 70),
(6, 12, "stop", '2024-12-24 13:00:00',  5,   20, 70),
(6, 4, "end", '2024-12-24 15:00:00',  5,   20, 70),
-- Dec.24 line 7 east to west
(7, 5, "start", '2024-12-24 07:00:00',  5,   20, 70),
(7, 13, "stop", '2024-12-24 10:00:00',  5,   20, 70),
(7, 14, "end", '2024-12-24 13:00:00',  5,   20, 70),
-- Dec.24 line 8 west to east
(8, 14, "start", '2024-12-24 07:00:00',  5,   20, 70),
(8, 13, "stop", '2024-12-24 10:00:00',  5,   20, 70),
(8, 5, "end", '2024-12-24 13:00:00',  5,   20, 70),
-- Dec.24 line 9 north to south
(9, 10, "start", '2024-12-24 07:00:00',  5,   20, 70),
(9, 9, "stop", '2024-12-24 10:00:00',  5,   20, 70),
(9, 11, "stop", '2024-12-24 13:00:00',  5,   20, 70),
(9, 14, "stop", '2024-12-24 15:00:00',  5,   20, 70),
(9, 15, "end", '2024-12-24 18:00:00',  5,   20, 70),
-- Dec.24 line 10 north to south
(10, 15, "start", '2024-12-24 07:00:00', 5,   20, 70),
(10, 14, "stop", '2024-12-24 10:00:00', 5,   20, 70),
(10, 11, "stop", '2024-12-24 13:00:00', 5,   20, 70),
(10, 9, "stop", '2024-12-24 15:00:00', 5,   20, 70),
(10, 10, "end", '2024-12-24 18:00:00', 5,   20, 70),

-- Dec.24 line11 north to south
(11, 1, "start", '2024-12-24 11:00:00',  5,   20, 70),
(11, 2, "stop", '2024-12-24 13:00:00',  5,   20, 70),
(11, 3, "stop", '2024-12-24 15:00:00',  5,   20, 70),
(11, 4,  "stop", '2024-12-24 17:00:00',  5,   20, 70),
(11, 5, "stop", '2024-12-24 19:00:00',  5,   20, 70),
(11, 6, "stop", '2024-12-24 21:00:00',  5,   20, 70),
(11, 7, "end", '2024-12-24 23:00:00',  5,   20, 70),
-- Dec.24 line12 south to north
(12, 7, "start", '2024-12-24 11:00:00',  5,   20, 70),
(12, 6, "stop", '2024-12-24 13:00:00',  5,   20, 70),
(12, 5, "stop", '2024-12-24 15:00:00',  5,   20, 70),
(12, 4,  "stop", '2024-12-24 17:00:00',  5,   20, 70),
(12, 3, "stop", '2024-12-24 19:00:00',  5,   20, 70),
(12, 2, "stop", '2024-12-24 21:00:00',  5,   20, 70),
(12, 1, "end", '2024-12-24 23:00:00',  5,   20, 70),
-- Dec.24 line 13 east to west
(13, 3, "start", '2024-12-24 14:00:00',  5,   20, 70),
(13, 8, "stop", '2024-12-24 17:00:00',  5,   20, 70),
(13, 9, "stop", '2024-12-24 20:00:00', 5,   20, 70),
(13, 10, "end", '2024-12-24 23:00:00',  5,   20, 70),
-- Dec.24 line 14 west to east
(14, 10, "start", '2024-12-24 14:00:00',  5,   20, 70),
(14, 9, "stop", '2024-12-24 17:00:00',  5,   20, 70),
(14, 8, "stop", '2024-12-24 20:00:00',  5,   20, 70),
(14, 3, "end", '2024-12-24 23:00:00',  5,   20, 70),
-- Dec.24 line 15 east to west
(15, 4, "start", '2024-12-24 15:00:00',  5,   20, 70),
(15, 12, "stop", '2024-12-24 17:00:00',  5,   20, 70),
(15, 8, "stop", '2024-12-24 19:00:00',  5,   20, 70),
(15, 9, "stop", '2024-12-24 21:00:00',  5,   20, 70),
(15, 11, "end", '2024-12-24 23:00:00',  5,   20, 70),
 -- Dec.24 line 16 west to east
(16, 11, "start", '2024-12-24 15:00:00',  5,   20, 70),
(16, 9, "stop", '2024-12-24 17:00:00',  5,   20, 70),
(16, 8, "stop", '2024-12-24 19:00:00',  5,   20, 70),
(16, 12, "stop", '2024-12-24 21:00:00',  5,   20, 70),
(16, 4, "end", '2024-12-24 23:00:00',  5,   20, 70),
-- Dec.24 line 17 east to west
(17, 5, "start", '2024-12-24 17:00:00',  5,   20, 70),
(17, 13, "stop", '2024-12-24 20:00:00',  5,   20, 70),
(17, 14, "end", '2024-12-24 23:00:00',  5,   20, 70),
-- Dec.24 line 18 west to east
(18, 14, "start", '2024-12-24 17:00:00',  5,   20, 70),
(18, 13, "stop", '2024-12-24 20:00:00',  5,   20, 70),
(18, 5, "end", '2024-12-24 23:00:00',  5,   20, 70),
-- Dec.24 line 19 north to south
(19, 10, "start", '2024-12-24 12:00:00',  5,   20, 70),
(19, 9, "stop", '2024-12-24 15:00:00',  5,   20, 70),
(19, 11, "stop", '2024-12-24 18:00:00',  5,   20, 70),
(19, 14, "stop", '2024-12-24 20:00:00',  5,   20, 70),
(19, 15, "end", '2024-12-24 23:00:00',  5,   20, 70),
-- Dec.24 line 20 north to south
(20, 15, "start", '2024-12-24 12:00:00', 5,   20, 70),
(20, 14, "stop", '2024-12-24 15:00:00', 5,   20, 70),
(20, 11, "stop", '2024-12-24 18:00:00', 5,   20, 70),
(20, 9, "stop", '2024-12-24 20:00:00', 5,   20, 70),
(20, 10, "end", '2024-12-24 23:00:00', 5,   20, 70),



-- Dec.25 line1 north to south
(1, 1, "start", '2024-12-25 07:00:00',  5,   20, 70),
(1, 2, "stop", '2024-12-25 09:00:00',  5,   20, 70),
(1, 3, "stop", '2024-12-25 11:00:00',  5,   20, 70),
(1, 4,  "stop", '2024-12-25 13:00:00',  5,   20, 70),
(1, 5, "stop", '2024-12-25 15:00:00',  5,   20, 70),
(1, 6, "stop", '2024-12-25 17:00:00',  5,   20, 70),
(1, 7, "end", '2024-12-25 19:00:00',  5,   20, 70),
-- Dec.25 line2 south to north
(2, 7, "start", '2024-12-25 07:00:00',  5,   20, 70),
(2, 6, "stop", '2024-12-25 09:00:00',  5,   20, 70),
(2, 5, "stop", '2024-12-25 11:00:00',  5,   20, 70),
(2, 4,  "stop", '2024-12-25 13:00:00',  5,   20, 70),
(2, 3, "stop", '2024-12-25 15:00:00',  5,   20, 70),
(2, 2, "stop", '2024-12-25 17:00:00',  5,   20, 70),
(2, 1, "end", '2024-12-25 19:00:00',  5,   20, 70),
-- Dec.25 line 3 east to west
(3, 3, "start", '2024-12-25 07:00:00',  5,   20, 70),
(3, 8, "stop", '2024-12-25 10:00:00',  5,   20, 70),
(3, 9, "stop", '2024-12-25 13:00:00', 5,   20, 70),
(3, 10, "end", '2024-12-25 16:00:00',  5,   20, 70),
-- Dec.25 line 4 west to east
(4, 10, "start", '2024-12-25 07:00:00',  5,   20, 70),
(4, 9, "stop", '2024-12-25 10:00:00',  5,   20, 70),
(4, 8, "stop", '2024-12-25 13:00:00',  5,   20, 70),
(4, 3, "end", '2024-12-25 16:00:00',  5,   20, 70),
-- Dec.25 line 5 east to west
(5, 4, "start", '2024-12-25 07:00:00',  5,   20, 70),
(5, 12, "stop", '2024-12-25 09:00:00',  5,   20, 70),
(5, 8, "stop", '2024-12-25 11:00:00',  5,   20, 70),
(5, 9, "stop", '2024-12-25 13:00:00',  5,   20, 70),
(5, 11, "end", '2024-12-25 15:00:00',  5,   20, 70),
 -- Dec.25 line 6 west to east
(6, 11, "start", '2024-12-25 07:00:00',  5,   20, 70),
(6, 9, "stop", '2024-12-25 09:00:00',  5,   20, 70),
(6, 8, "stop", '2024-12-25 11:00:00',  5,   20, 70),
(6, 12, "stop", '2024-12-25 13:00:00',  5,   20, 70),
(6, 4, "end", '2024-12-25 15:00:00',  5,   20, 70),
-- Dec.25 line 7 east to west
(7, 5, "start", '2024-12-25 07:00:00',  5,   20, 70),
(7, 13, "stop", '2024-12-25 10:00:00',  5,   20, 70),
(7, 14, "end", '2024-12-25 13:00:00',  5,   20, 70),
-- Dec.25 line 8 west to east
(8, 14, "start", '2024-12-25 07:00:00',  5,   20, 70),
(8, 13, "stop", '2024-12-25 10:00:00',  5,   20, 70),
(8, 5, "end", '2024-12-25 13:00:00',  5,   20, 70),
-- Dec.25 line 9 north to south
(9, 10, "start", '2024-12-25 07:00:00',  5,   20, 70),
(9, 9, "stop", '2024-12-25 10:00:00',  5,   20, 70),
(9, 11, "stop", '2024-12-25 13:00:00',  5,   20, 70),
(9, 14, "stop", '2024-12-25 15:00:00',  5,   20, 70),
(9, 15, "end", '2024-12-25 18:00:00',  5,   20, 70),
-- Dec.25 line 10 north to south
(10, 15, "start", '2024-12-25 07:00:00', 5,   20, 70),
(10, 14, "stop", '2024-12-25 10:00:00', 5,   20, 70),
(10, 11, "stop", '2024-12-25 13:00:00', 5,   20, 70),
(10, 9, "stop", '2024-12-25 15:00:00', 5,   20, 70),
(10, 10, "end", '2024-12-25 18:00:00', 5,   20, 70),

-- Dec.25 line11 north to south
(11, 1, "start", '2024-12-25 11:00:00',  5,   20, 70),
(11, 2, "stop", '2024-12-25 13:00:00',  5,   20, 70),
(11, 3, "stop", '2024-12-25 15:00:00',  5,   20, 70),
(11, 4,  "stop", '2024-12-25 17:00:00',  5,   20, 70),
(11, 5, "stop", '2024-12-25 19:00:00',  5,   20, 70),
(11, 6, "stop", '2024-12-25 21:00:00',  5,   20, 70),
(11, 7, "end", '2024-12-25 23:00:00',  5,   20, 70),
-- Dec.25 line12 south to north
(12, 7, "start", '2024-12-25 11:00:00',  5,   20, 70),
(12, 6, "stop", '2024-12-25 13:00:00',  5,   20, 70),
(12, 5, "stop", '2024-12-25 15:00:00',  5,   20, 70),
(12, 4,  "stop", '2024-12-25 17:00:00',  5,   20, 70),
(12, 3, "stop", '2024-12-25 19:00:00',  5,   20, 70),
(12, 2, "stop", '2024-12-25 21:00:00',  5,   20, 70),
(12, 1, "end", '2024-12-25 23:00:00',  5,   20, 70),
-- Dec.25 line 13 east to west
(13, 3, "start", '2024-12-25 14:00:00',  5,   20, 70),
(13, 8, "stop", '2024-12-25 17:00:00',  5,   20, 70),
(13, 9, "stop", '2024-12-25 20:00:00', 5,   20, 70),
(13, 10, "end", '2024-12-25 23:00:00',  5,   20, 70),
-- Dec.25 line 14 west to east
(14, 10, "start", '2024-12-25 14:00:00',  5,   20, 70),
(14, 9, "stop", '2024-12-25 17:00:00',  5,   20, 70),
(14, 8, "stop", '2024-12-25 20:00:00',  5,   20, 70),
(14, 3, "end", '2024-12-25 23:00:00',  5,   20, 70),
-- Dec.25 line 15 east to west
(15, 4, "start", '2024-12-25 15:00:00',  5,   20, 70),
(15, 12, "stop", '2024-12-25 17:00:00',  5,   20, 70),
(15, 8, "stop", '2024-12-25 19:00:00',  5,   20, 70),
(15, 9, "stop", '2024-12-25 21:00:00',  5,   20, 70),
(15, 11, "end", '2024-12-25 23:00:00',  5,   20, 70),
 -- Dec.25 line 16 west to east
(16, 11, "start", '2024-12-25 15:00:00',  5,   20, 70),
(16, 9, "stop", '2024-12-25 17:00:00',  5,   20, 70),
(16, 8, "stop", '2024-12-25 19:00:00',  5,   20, 70),
(16, 12, "stop", '2024-12-25 21:00:00',  5,   20, 70),
(16, 4, "end", '2024-12-25 23:00:00',  5,   20, 70),
-- Dec.25 line 17 east to west
(17, 5, "start", '2024-12-25 17:00:00',  5,   20, 70),
(17, 13, "stop", '2024-12-25 20:00:00',  5,   20, 70),
(17, 14, "end", '2024-12-25 23:00:00',  5,   20, 70),
-- Dec.25 line 18 west to east
(18, 14, "start", '2024-12-25 17:00:00',  5,   20, 70),
(18, 13, "stop", '2024-12-25 20:00:00',  5,   20, 70),
(18, 5, "end", '2024-12-25 23:00:00',  5,   20, 70),
-- Dec.25 line 19 north to south
(19, 10, "start", '2024-12-25 12:00:00',  5,   20, 70),
(19, 9, "stop", '2024-12-25 15:00:00',  5,   20, 70),
(19, 11, "stop", '2024-12-25 18:00:00',  5,   20, 70),
(19, 14, "stop", '2024-12-25 20:00:00',  5,   20, 70),
(19, 15, "end", '2024-12-25 23:00:00',  5,   20, 70),
-- Dec.25 line 20 north to south
(20, 15, "start", '2024-12-25 12:00:00', 5,   20, 70),
(20, 14, "stop", '2024-12-25 15:00:00', 5,   20, 70),
(20, 11, "stop", '2024-12-25 18:00:00', 5,   20, 70),
(20, 9, "stop", '2024-12-25 20:00:00', 5,   20, 70),
(20, 10, "end", '2024-12-25 23:00:00', 5,   20, 70),



-- Dec.26 line1 north to south
(1, 1, "start", '2024-12-26 07:00:00',  5,   20, 70),
(1, 2, "stop", '2024-12-26 09:00:00',  5,   20, 70),
(1, 3, "stop", '2024-12-26 11:00:00',  5,   20, 70),
(1, 4,  "stop", '2024-12-26 13:00:00',  5,   20, 70),
(1, 5, "stop", '2024-12-26 15:00:00',  5,   20, 70),
(1, 6, "stop", '2024-12-26 17:00:00',  5,   20, 70),
(1, 7, "end", '2024-12-26 19:00:00',  5,   20, 70),
-- Dec.26 line2 south to north
(2, 7, "start", '2024-12-26 07:00:00',  5,   20, 70),
(2, 6, "stop", '2024-12-26 09:00:00',  5,   20, 70),
(2, 5, "stop", '2024-12-26 11:00:00',  5,   20, 70),
(2, 4,  "stop", '2024-12-26 13:00:00',  5,   20, 70),
(2, 3, "stop", '2024-12-26 15:00:00',  5,   20, 70),
(2, 2, "stop", '2024-12-26 17:00:00',  5,   20, 70),
(2, 1, "end", '2024-12-26 19:00:00',  5,   20, 70),
-- Dec.26 line 3 east to west
(3, 3, "start", '2024-12-26 07:00:00',  5,   20, 70),
(3, 8, "stop", '2024-12-26 10:00:00',  5,   20, 70),
(3, 9, "stop", '2024-12-26 13:00:00', 5,   20, 70),
(3, 10, "end", '2024-12-26 16:00:00',  5,   20, 70),
-- Dec.26 line 4 west to east
(4, 10, "start", '2024-12-26 07:00:00',  5,   20, 70),
(4, 9, "stop", '2024-12-26 10:00:00',  5,   20, 70),
(4, 8, "stop", '2024-12-26 13:00:00',  5,   20, 70),
(4, 3, "end", '2024-12-26 16:00:00',  5,   20, 70),
-- Dec.26 line 5 east to west
(5, 4, "start", '2024-12-26 07:00:00',  5,   20, 70),
(5, 12, "stop", '2024-12-26 09:00:00',  5,   20, 70),
(5, 8, "stop", '2024-12-26 11:00:00',  5,   20, 70),
(5, 9, "stop", '2024-12-26 13:00:00',  5,   20, 70),
(5, 11, "end", '2024-12-26 15:00:00',  5,   20, 70),
 -- Dec.26 line 6 west to east
(6, 11, "start", '2024-12-26 07:00:00',  5,   20, 70),
(6, 9, "stop", '2024-12-26 09:00:00',  5,   20, 70),
(6, 8, "stop", '2024-12-26 11:00:00',  5,   20, 70),
(6, 12, "stop", '2024-12-26 13:00:00',  5,   20, 70),
(6, 4, "end", '2024-12-26 15:00:00',  5,   20, 70),
-- Dec.26 line 7 east to west
(7, 5, "start", '2024-12-26 07:00:00',  5,   20, 70),
(7, 13, "stop", '2024-12-26 10:00:00',  5,   20, 70),
(7, 14, "end", '2024-12-26 13:00:00',  5,   20, 70),
-- Dec.26 line 8 west to east
(8, 14, "start", '2024-12-26 07:00:00',  5,   20, 70),
(8, 13, "stop", '2024-12-26 10:00:00',  5,   20, 70),
(8, 5, "end", '2024-12-26 13:00:00',  5,   20, 70),
-- Dec.26 line 9 north to south
(9, 10, "start", '2024-12-26 07:00:00',  5,   20, 70),
(9, 9, "stop", '2024-12-26 10:00:00',  5,   20, 70),
(9, 11, "stop", '2024-12-26 13:00:00',  5,   20, 70),
(9, 14, "stop", '2024-12-26 15:00:00',  5,   20, 70),
(9, 15, "end", '2024-12-26 18:00:00',  5,   20, 70),
-- Dec.26 line 10 north to south
(10, 15, "start", '2024-12-26 07:00:00', 5,   20, 70),
(10, 14, "stop", '2024-12-26 10:00:00', 5,   20, 70),
(10, 11, "stop", '2024-12-26 13:00:00', 5,   20, 70),
(10, 9, "stop", '2024-12-26 15:00:00', 5,   20, 70),
(10, 10, "end", '2024-12-26 18:00:00', 5,   20, 70),

-- Dec.26 line11 north to south
(11, 1, "start", '2024-12-26 11:00:00',  5,   20, 70),
(11, 2, "stop", '2024-12-26 13:00:00',  5,   20, 70),
(11, 3, "stop", '2024-12-26 15:00:00',  5,   20, 70),
(11, 4,  "stop", '2024-12-26 17:00:00',  5,   20, 70),
(11, 5, "stop", '2024-12-26 19:00:00',  5,   20, 70),
(11, 6, "stop", '2024-12-26 21:00:00',  5,   20, 70),
(11, 7, "end", '2024-12-26 23:00:00',  5,   20, 70),
-- Dec.26 line12 south to north
(12, 7, "start", '2024-12-26 11:00:00',  5,   20, 70),
(12, 6, "stop", '2024-12-26 13:00:00',  5,   20, 70),
(12, 5, "stop", '2024-12-26 15:00:00',  5,   20, 70),
(12, 4,  "stop", '2024-12-26 17:00:00',  5,   20, 70),
(12, 3, "stop", '2024-12-26 19:00:00',  5,   20, 70),
(12, 2, "stop", '2024-12-26 21:00:00',  5,   20, 70),
(12, 1, "end", '2024-12-26 23:00:00',  5,   20, 70),
-- Dec.26 line 13 east to west
(13, 3, "start", '2024-12-26 14:00:00',  5,   20, 70),
(13, 8, "stop", '2024-12-26 17:00:00',  5,   20, 70),
(13, 9, "stop", '2024-12-26 20:00:00', 5,   20, 70),
(13, 10, "end", '2024-12-26 23:00:00',  5,   20, 70),
-- Dec.26 line 14 west to east
(14, 10, "start", '2024-12-26 14:00:00',  5,   20, 70),
(14, 9, "stop", '2024-12-26 17:00:00',  5,   20, 70),
(14, 8, "stop", '2024-12-26 20:00:00',  5,   20, 70),
(14, 3, "end", '2024-12-26 23:00:00',  5,   20, 70),
-- Dec.26 line 15 east to west
(15, 4, "start", '2024-12-26 15:00:00',  5,   20, 70),
(15, 12, "stop", '2024-12-26 17:00:00',  5,   20, 70),
(15, 8, "stop", '2024-12-26 19:00:00',  5,   20, 70),
(15, 9, "stop", '2024-12-26 21:00:00',  5,   20, 70),
(15, 11, "end", '2024-12-26 23:00:00',  5,   20, 70),
 -- Dec.26 line 16 west to east
(16, 11, "start", '2024-12-26 15:00:00',  5,   20, 70),
(16, 9, "stop", '2024-12-26 17:00:00',  5,   20, 70),
(16, 8, "stop", '2024-12-26 19:00:00',  5,   20, 70),
(16, 12, "stop", '2024-12-26 21:00:00',  5,   20, 70),
(16, 4, "end", '2024-12-26 23:00:00',  5,   20, 70),
-- Dec.26 line 17 east to west
(17, 5, "start", '2024-12-26 17:00:00',  5,   20, 70),
(17, 13, "stop", '2024-12-26 20:00:00',  5,   20, 70),
(17, 14, "end", '2024-12-26 23:00:00',  5,   20, 70),
-- Dec.26 line 18 west to east
(18, 14, "start", '2024-12-26 17:00:00',  5,   20, 70),
(18, 13, "stop", '2024-12-26 20:00:00',  5,   20, 70),
(18, 5, "end", '2024-12-26 23:00:00',  5,   20, 70),
-- Dec.26 line 19 north to south
(19, 10, "start", '2024-12-26 12:00:00',  5,   20, 70),
(19, 9, "stop", '2024-12-26 15:00:00',  5,   20, 70),
(19, 11, "stop", '2024-12-26 18:00:00',  5,   20, 70),
(19, 14, "stop", '2024-12-26 20:00:00',  5,   20, 70),
(19, 15, "end", '2024-12-26 23:00:00',  5,   20, 70),
-- Dec.26 line 20 north to south
(20, 15, "start", '2024-12-26 12:00:00', 5,   20, 70),
(20, 14, "stop", '2024-12-26 15:00:00', 5,   20, 70),
(20, 11, "stop", '2024-12-26 18:00:00', 5,   20, 70),
(20, 9, "stop", '2024-12-26 20:00:00', 5,   20, 70),
(20, 10, "end", '2024-12-26 23:00:00', 5,   20, 70),



-- Dec.27 line1 north to south
(1, 1, "start", '2024-12-27 07:00:00',  5,   20, 70),
(1, 2, "stop", '2024-12-27 09:00:00',  5,   20, 70),
(1, 3, "stop", '2024-12-27 11:00:00',  5,   20, 70),
(1, 4,  "stop", '2024-12-27 13:00:00',  5,   20, 70),
(1, 5, "stop", '2024-12-27 15:00:00',  5,   20, 70),
(1, 6, "stop", '2024-12-27 17:00:00',  5,   20, 70),
(1, 7, "end", '2024-12-27 19:00:00',  5,   20, 70),
-- Dec.27 line2 south to north
(2, 7, "start", '2024-12-27 07:00:00',  5,   20, 70),
(2, 6, "stop", '2024-12-27 09:00:00',  5,   20, 70),
(2, 5, "stop", '2024-12-27 11:00:00',  5,   20, 70),
(2, 4,  "stop", '2024-12-27 13:00:00',  5,   20, 70),
(2, 3, "stop", '2024-12-27 15:00:00',  5,   20, 70),
(2, 2, "stop", '2024-12-27 17:00:00',  5,   20, 70),
(2, 1, "end", '2024-12-27 19:00:00',  5,   20, 70),
-- Dec.27 line 3 east to west
(3, 3, "start", '2024-12-27 07:00:00',  5,   20, 70),
(3, 8, "stop", '2024-12-27 10:00:00',  5,   20, 70),
(3, 9, "stop", '2024-12-27 13:00:00', 5,   20, 70),
(3, 10, "end", '2024-12-27 16:00:00',  5,   20, 70),
-- Dec.27 line 4 west to east
(4, 10, "start", '2024-12-27 07:00:00',  5,   20, 70),
(4, 9, "stop", '2024-12-27 10:00:00',  5,   20, 70),
(4, 8, "stop", '2024-12-27 13:00:00',  5,   20, 70),
(4, 3, "end", '2024-12-27 16:00:00',  5,   20, 70),
-- Dec.27 line 5 east to west
(5, 4, "start", '2024-12-27 07:00:00',  5,   20, 70),
(5, 12, "stop", '2024-12-27 09:00:00',  5,   20, 70),
(5, 8, "stop", '2024-12-27 11:00:00',  5,   20, 70),
(5, 9, "stop", '2024-12-27 13:00:00',  5,   20, 70),
(5, 11, "end", '2024-12-27 15:00:00',  5,   20, 70),
 -- Dec.27 line 6 west to east
(6, 11, "start", '2024-12-27 07:00:00',  5,   20, 70),
(6, 9, "stop", '2024-12-27 09:00:00',  5,   20, 70),
(6, 8, "stop", '2024-12-27 11:00:00',  5,   20, 70),
(6, 12, "stop", '2024-12-27 13:00:00',  5,   20, 70),
(6, 4, "end", '2024-12-27 15:00:00',  5,   20, 70),
-- Dec.27 line 7 east to west
(7, 5, "start", '2024-12-27 07:00:00',  5,   20, 70),
(7, 13, "stop", '2024-12-27 10:00:00',  5,   20, 70),
(7, 14, "end", '2024-12-27 13:00:00',  5,   20, 70),
-- Dec.27 line 8 west to east
(8, 14, "start", '2024-12-27 07:00:00',  5,   20, 70),
(8, 13, "stop", '2024-12-27 10:00:00',  5,   20, 70),
(8, 5, "end", '2024-12-27 13:00:00',  5,   20, 70),
-- Dec.27 line 9 north to south
(9, 10, "start", '2024-12-27 07:00:00',  5,   20, 70),
(9, 9, "stop", '2024-12-27 10:00:00',  5,   20, 70),
(9, 11, "stop", '2024-12-27 13:00:00',  5,   20, 70),
(9, 14, "stop", '2024-12-27 15:00:00',  5,   20, 70),
(9, 15, "end", '2024-12-27 18:00:00',  5,   20, 70),
-- Dec.27 line 10 north to south
(10, 15, "start", '2024-12-27 07:00:00', 5,   20, 70),
(10, 14, "stop", '2024-12-27 10:00:00', 5,   20, 70),
(10, 11, "stop", '2024-12-27 13:00:00', 5,   20, 70),
(10, 9, "stop", '2024-12-27 15:00:00', 5,   20, 70),
(10, 10, "end", '2024-12-27 18:00:00', 5,   20, 70),

-- Dec.27 line11 north to south
(11, 1, "start", '2024-12-27 11:00:00',  5,   20, 70),
(11, 2, "stop", '2024-12-27 13:00:00',  5,   20, 70),
(11, 3, "stop", '2024-12-27 15:00:00',  5,   20, 70),
(11, 4,  "stop", '2024-12-27 17:00:00',  5,   20, 70),
(11, 5, "stop", '2024-12-27 19:00:00',  5,   20, 70),
(11, 6, "stop", '2024-12-27 21:00:00',  5,   20, 70),
(11, 7, "end", '2024-12-27 23:00:00',  5,   20, 70),
-- Dec.27 line12 south to north
(12, 7, "start", '2024-12-27 11:00:00',  5,   20, 70),
(12, 6, "stop", '2024-12-27 13:00:00',  5,   20, 70),
(12, 5, "stop", '2024-12-27 15:00:00',  5,   20, 70),
(12, 4,  "stop", '2024-12-27 17:00:00',  5,   20, 70),
(12, 3, "stop", '2024-12-27 19:00:00',  5,   20, 70),
(12, 2, "stop", '2024-12-27 21:00:00',  5,   20, 70),
(12, 1, "end", '2024-12-27 23:00:00',  5,   20, 70),
-- Dec.27 line 13 east to west
(13, 3, "start", '2024-12-27 14:00:00',  5,   20, 70),
(13, 8, "stop", '2024-12-27 17:00:00',  5,   20, 70),
(13, 9, "stop", '2024-12-27 20:00:00', 5,   20, 70),
(13, 10, "end", '2024-12-27 23:00:00',  5,   20, 70),
-- Dec.27 line 14 west to east
(14, 10, "start", '2024-12-27 14:00:00',  5,   20, 70),
(14, 9, "stop", '2024-12-27 17:00:00',  5,   20, 70),
(14, 8, "stop", '2024-12-27 20:00:00',  5,   20, 70),
(14, 3, "end", '2024-12-27 23:00:00',  5,   20, 70),
-- Dec.27 line 15 east to west
(15, 4, "start", '2024-12-27 15:00:00',  5,   20, 70),
(15, 12, "stop", '2024-12-27 17:00:00',  5,   20, 70),
(15, 8, "stop", '2024-12-27 19:00:00',  5,   20, 70),
(15, 9, "stop", '2024-12-27 21:00:00',  5,   20, 70),
(15, 11, "end", '2024-12-27 23:00:00',  5,   20, 70),
 -- Dec.27 line 16 west to east
(16, 11, "start", '2024-12-27 15:00:00',  5,   20, 70),
(16, 9, "stop", '2024-12-27 17:00:00',  5,   20, 70),
(16, 8, "stop", '2024-12-27 19:00:00',  5,   20, 70),
(16, 12, "stop", '2024-12-27 21:00:00',  5,   20, 70),
(16, 4, "end", '2024-12-27 23:00:00',  5,   20, 70),
-- Dec.27 line 17 east to west
(17, 5, "start", '2024-12-27 17:00:00',  5,   20, 70),
(17, 13, "stop", '2024-12-27 20:00:00',  5,   20, 70),
(17, 14, "end", '2024-12-27 23:00:00',  5,   20, 70),
-- Dec.27 line 18 west to east
(18, 14, "start", '2024-12-27 17:00:00',  5,   20, 70),
(18, 13, "stop", '2024-12-27 20:00:00',  5,   20, 70),
(18, 5, "end", '2024-12-27 23:00:00',  5,   20, 70),
-- Dec.27 line 19 north to south
(19, 10, "start", '2024-12-27 12:00:00',  5,   20, 70),
(19, 9, "stop", '2024-12-27 15:00:00',  5,   20, 70),
(19, 11, "stop", '2024-12-27 18:00:00',  5,   20, 70),
(19, 14, "stop", '2024-12-27 20:00:00',  5,   20, 70),
(19, 15, "end", '2024-12-27 23:00:00',  5,   20, 70),
-- Dec.27 line 20 north to south
(20, 15, "start", '2024-12-27 12:00:00', 5,   20, 70),
(20, 14, "stop", '2024-12-27 15:00:00', 5,   20, 70),
(20, 11, "stop", '2024-12-27 18:00:00', 5,   20, 70),
(20, 9, "stop", '2024-12-27 20:00:00', 5,   20, 70),
(20, 10, "end", '2024-12-27 23:00:00', 5,   20, 70),



-- Dec.28 line1 north to south
(1, 1, "start", '2024-12-28 07:00:00',  5,   20, 70),
(1, 2, "stop", '2024-12-28 09:00:00',  5,   20, 70),
(1, 3, "stop", '2024-12-28 11:00:00',  5,   20, 70),
(1, 4,  "stop", '2024-12-28 13:00:00',  5,   20, 70),
(1, 5, "stop", '2024-12-28 15:00:00',  5,   20, 70),
(1, 6, "stop", '2024-12-28 17:00:00',  5,   20, 70),
(1, 7, "end", '2024-12-28 19:00:00',  5,   20, 70),
-- Dec.28 line2 south to north
(2, 7, "start", '2024-12-28 07:00:00',  5,   20, 70),
(2, 6, "stop", '2024-12-28 09:00:00',  5,   20, 70),
(2, 5, "stop", '2024-12-28 11:00:00',  5,   20, 70),
(2, 4,  "stop", '2024-12-28 13:00:00',  5,   20, 70),
(2, 3, "stop", '2024-12-28 15:00:00',  5,   20, 70),
(2, 2, "stop", '2024-12-28 17:00:00',  5,   20, 70),
(2, 1, "end", '2024-12-28 19:00:00',  5,   20, 70),
-- Dec.28 line 3 east to west
(3, 3, "start", '2024-12-28 07:00:00',  5,   20, 70),
(3, 8, "stop", '2024-12-28 10:00:00',  5,   20, 70),
(3, 9, "stop", '2024-12-28 13:00:00', 5,   20, 70),
(3, 10, "end", '2024-12-28 16:00:00',  5,   20, 70),
-- Dec.28 line 4 west to east
(4, 10, "start", '2024-12-28 07:00:00',  5,   20, 70),
(4, 9, "stop", '2024-12-28 10:00:00',  5,   20, 70),
(4, 8, "stop", '2024-12-28 13:00:00',  5,   20, 70),
(4, 3, "end", '2024-12-28 16:00:00',  5,   20, 70),
-- Dec.28 line 5 east to west
(5, 4, "start", '2024-12-28 07:00:00',  5,   20, 70),
(5, 12, "stop", '2024-12-28 09:00:00',  5,   20, 70),
(5, 8, "stop", '2024-12-28 11:00:00',  5,   20, 70),
(5, 9, "stop", '2024-12-28 13:00:00',  5,   20, 70),
(5, 11, "end", '2024-12-28 15:00:00',  5,   20, 70),
 -- Dec.28 line 6 west to east
(6, 11, "start", '2024-12-28 07:00:00',  5,   20, 70),
(6, 9, "stop", '2024-12-28 09:00:00',  5,   20, 70),
(6, 8, "stop", '2024-12-28 11:00:00',  5,   20, 70),
(6, 12, "stop", '2024-12-28 13:00:00',  5,   20, 70),
(6, 4, "end", '2024-12-28 15:00:00',  5,   20, 70),
-- Dec.28 line 7 east to west
(7, 5, "start", '2024-12-28 07:00:00',  5,   20, 70),
(7, 13, "stop", '2024-12-28 10:00:00',  5,   20, 70),
(7, 14, "end", '2024-12-28 13:00:00',  5,   20, 70),
-- Dec.28 line 8 west to east
(8, 14, "start", '2024-12-28 07:00:00',  5,   20, 70),
(8, 13, "stop", '2024-12-28 10:00:00',  5,   20, 70),
(8, 5, "end", '2024-12-28 13:00:00',  5,   20, 70),
-- Dec.28 line 9 north to south
(9, 10, "start", '2024-12-28 07:00:00',  5,   20, 70),
(9, 9, "stop", '2024-12-28 10:00:00',  5,   20, 70),
(9, 11, "stop", '2024-12-28 13:00:00',  5,   20, 70),
(9, 14, "stop", '2024-12-28 15:00:00',  5,   20, 70),
(9, 15, "end", '2024-12-28 18:00:00',  5,   20, 70),
-- Dec.28 line 10 north to south
(10, 15, "start", '2024-12-28 07:00:00', 5,   20, 70),
(10, 14, "stop", '2024-12-28 10:00:00', 5,   20, 70),
(10, 11, "stop", '2024-12-28 13:00:00', 5,   20, 70),
(10, 9, "stop", '2024-12-28 15:00:00', 5,   20, 70),
(10, 10, "end", '2024-12-28 18:00:00', 5,   20, 70),

-- Dec.28 line11 north to south
(11, 1, "start", '2024-12-28 11:00:00',  5,   20, 70),
(11, 2, "stop", '2024-12-28 13:00:00',  5,   20, 70),
(11, 3, "stop", '2024-12-28 15:00:00',  5,   20, 70),
(11, 4,  "stop", '2024-12-28 17:00:00',  5,   20, 70),
(11, 5, "stop", '2024-12-28 19:00:00',  5,   20, 70),
(11, 6, "stop", '2024-12-28 21:00:00',  5,   20, 70),
(11, 7, "end", '2024-12-28 23:00:00',  5,   20, 70),
-- Dec.28 line12 south to north
(12, 7, "start", '2024-12-28 11:00:00',  5,   20, 70),
(12, 6, "stop", '2024-12-28 13:00:00',  5,   20, 70),
(12, 5, "stop", '2024-12-28 15:00:00',  5,   20, 70),
(12, 4,  "stop", '2024-12-28 17:00:00',  5,   20, 70),
(12, 3, "stop", '2024-12-28 19:00:00',  5,   20, 70),
(12, 2, "stop", '2024-12-28 21:00:00',  5,   20, 70),
(12, 1, "end", '2024-12-28 23:00:00',  5,   20, 70),
-- Dec.28 line 13 east to west
(13, 3, "start", '2024-12-28 14:00:00',  5,   20, 70),
(13, 8, "stop", '2024-12-28 17:00:00',  5,   20, 70),
(13, 9, "stop", '2024-12-28 20:00:00', 5,   20, 70),
(13, 10, "end", '2024-12-28 23:00:00',  5,   20, 70),
-- Dec.28 line 14 west to east
(14, 10, "start", '2024-12-28 14:00:00',  5,   20, 70),
(14, 9, "stop", '2024-12-28 17:00:00',  5,   20, 70),
(14, 8, "stop", '2024-12-28 20:00:00',  5,   20, 70),
(14, 3, "end", '2024-12-28 23:00:00',  5,   20, 70),
-- Dec.28 line 15 east to west
(15, 4, "start", '2024-12-28 15:00:00',  5,   20, 70),
(15, 12, "stop", '2024-12-28 17:00:00',  5,   20, 70),
(15, 8, "stop", '2024-12-28 19:00:00',  5,   20, 70),
(15, 9, "stop", '2024-12-28 21:00:00',  5,   20, 70),
(15, 11, "end", '2024-12-28 23:00:00',  5,   20, 70),
 -- Dec.28 line 16 west to east
(16, 11, "start", '2024-12-28 15:00:00',  5,   20, 70),
(16, 9, "stop", '2024-12-28 17:00:00',  5,   20, 70),
(16, 8, "stop", '2024-12-28 19:00:00',  5,   20, 70),
(16, 12, "stop", '2024-12-28 21:00:00',  5,   20, 70),
(16, 4, "end", '2024-12-28 23:00:00',  5,   20, 70),
-- Dec.28 line 17 east to west
(17, 5, "start", '2024-12-28 17:00:00',  5,   20, 70),
(17, 13, "stop", '2024-12-28 20:00:00',  5,   20, 70),
(17, 14, "end", '2024-12-28 23:00:00',  5,   20, 70),
-- Dec.28 line 18 west to east
(18, 14, "start", '2024-12-28 17:00:00',  5,   20, 70),
(18, 13, "stop", '2024-12-28 20:00:00',  5,   20, 70),
(18, 5, "end", '2024-12-28 23:00:00',  5,   20, 70),
-- Dec.28 line 19 north to south
(19, 10, "start", '2024-12-28 12:00:00',  5,   20, 70),
(19, 9, "stop", '2024-12-28 15:00:00',  5,   20, 70),
(19, 11, "stop", '2024-12-28 18:00:00',  5,   20, 70),
(19, 14, "stop", '2024-12-28 20:00:00',  5,   20, 70),
(19, 15, "end", '2024-12-28 23:00:00',  5,   20, 70),
-- Dec.28 line 20 north to south
(20, 15, "start", '2024-12-28 12:00:00', 5,   20, 70),
(20, 14, "stop", '2024-12-28 15:00:00', 5,   20, 70),
(20, 11, "stop", '2024-12-28 18:00:00', 5,   20, 70),
(20, 9, "stop", '2024-12-28 20:00:00', 5,   20, 70),
(20, 10, "end", '2024-12-28 23:00:00', 5,   20, 70),



-- Dec.29 line1 north to south
(1, 1, "start", '2024-12-29 07:00:00',  5,   20, 70),
(1, 2, "stop", '2024-12-29 09:00:00',  5,   20, 70),
(1, 3, "stop", '2024-12-29 11:00:00',  5,   20, 70),
(1, 4,  "stop", '2024-12-29 13:00:00',  5,   20, 70),
(1, 5, "stop", '2024-12-29 15:00:00',  5,   20, 70),
(1, 6, "stop", '2024-12-29 17:00:00',  5,   20, 70),
(1, 7, "end", '2024-12-29 19:00:00',  5,   20, 70),
-- Dec.29 line2 south to north
(2, 7, "start", '2024-12-29 07:00:00',  5,   20, 70),
(2, 6, "stop", '2024-12-29 09:00:00',  5,   20, 70),
(2, 5, "stop", '2024-12-29 11:00:00',  5,   20, 70),
(2, 4,  "stop", '2024-12-29 13:00:00',  5,   20, 70),
(2, 3, "stop", '2024-12-29 15:00:00',  5,   20, 70),
(2, 2, "stop", '2024-12-29 17:00:00',  5,   20, 70),
(2, 1, "end", '2024-12-29 19:00:00',  5,   20, 70),
-- Dec.29 line 3 east to west
(3, 3, "start", '2024-12-29 07:00:00',  5,   20, 70),
(3, 8, "stop", '2024-12-29 10:00:00',  5,   20, 70),
(3, 9, "stop", '2024-12-29 13:00:00', 5,   20, 70),
(3, 10, "end", '2024-12-29 16:00:00',  5,   20, 70),
-- Dec.29 line 4 west to east
(4, 10, "start", '2024-12-29 07:00:00',  5,   20, 70),
(4, 9, "stop", '2024-12-29 10:00:00',  5,   20, 70),
(4, 8, "stop", '2024-12-29 13:00:00',  5,   20, 70),
(4, 3, "end", '2024-12-29 16:00:00',  5,   20, 70),
-- Dec.29 line 5 east to west
(5, 4, "start", '2024-12-29 07:00:00',  5,   20, 70),
(5, 12, "stop", '2024-12-29 09:00:00',  5,   20, 70),
(5, 8, "stop", '2024-12-29 11:00:00',  5,   20, 70),
(5, 9, "stop", '2024-12-29 13:00:00',  5,   20, 70),
(5, 11, "end", '2024-12-29 15:00:00',  5,   20, 70),
 -- Dec.29 line 6 west to east
(6, 11, "start", '2024-12-29 07:00:00',  5,   20, 70),
(6, 9, "stop", '2024-12-29 09:00:00',  5,   20, 70),
(6, 8, "stop", '2024-12-29 11:00:00',  5,   20, 70),
(6, 12, "stop", '2024-12-29 13:00:00',  5,   20, 70),
(6, 4, "end", '2024-12-29 15:00:00',  5,   20, 70),
-- Dec.29 line 7 east to west
(7, 5, "start", '2024-12-29 07:00:00',  5,   20, 70),
(7, 13, "stop", '2024-12-29 10:00:00',  5,   20, 70),
(7, 14, "end", '2024-12-29 13:00:00',  5,   20, 70),
-- Dec.29 line 8 west to east
(8, 14, "start", '2024-12-29 07:00:00',  5,   20, 70),
(8, 13, "stop", '2024-12-29 10:00:00',  5,   20, 70),
(8, 5, "end", '2024-12-29 13:00:00',  5,   20, 70),
-- Dec.29 line 9 north to south
(9, 10, "start", '2024-12-29 07:00:00',  5,   20, 70),
(9, 9, "stop", '2024-12-29 10:00:00',  5,   20, 70),
(9, 11, "stop", '2024-12-29 13:00:00',  5,   20, 70),
(9, 14, "stop", '2024-12-29 15:00:00',  5,   20, 70),
(9, 15, "end", '2024-12-29 18:00:00',  5,   20, 70),
-- Dec.29 line 10 north to south
(10, 15, "start", '2024-12-29 07:00:00', 5,   20, 70),
(10, 14, "stop", '2024-12-29 10:00:00', 5,   20, 70),
(10, 11, "stop", '2024-12-29 13:00:00', 5,   20, 70),
(10, 9, "stop", '2024-12-29 15:00:00', 5,   20, 70),
(10, 10, "end", '2024-12-29 18:00:00', 5,   20, 70),

-- Dec.29 line11 north to south
(11, 1, "start", '2024-12-29 11:00:00',  5,   20, 70),
(11, 2, "stop", '2024-12-29 13:00:00',  5,   20, 70),
(11, 3, "stop", '2024-12-29 15:00:00',  5,   20, 70),
(11, 4,  "stop", '2024-12-29 17:00:00',  5,   20, 70),
(11, 5, "stop", '2024-12-29 19:00:00',  5,   20, 70),
(11, 6, "stop", '2024-12-29 21:00:00',  5,   20, 70),
(11, 7, "end", '2024-12-29 23:00:00',  5,   20, 70),
-- Dec.29 line12 south to north
(12, 7, "start", '2024-12-29 11:00:00',  5,   20, 70),
(12, 6, "stop", '2024-12-29 13:00:00',  5,   20, 70),
(12, 5, "stop", '2024-12-29 15:00:00',  5,   20, 70),
(12, 4,  "stop", '2024-12-29 17:00:00',  5,   20, 70),
(12, 3, "stop", '2024-12-29 19:00:00',  5,   20, 70),
(12, 2, "stop", '2024-12-29 21:00:00',  5,   20, 70),
(12, 1, "end", '2024-12-29 23:00:00',  5,   20, 70),
-- Dec.29 line 13 east to west
(13, 3, "start", '2024-12-29 14:00:00',  5,   20, 70),
(13, 8, "stop", '2024-12-29 17:00:00',  5,   20, 70),
(13, 9, "stop", '2024-12-29 20:00:00', 5,   20, 70),
(13, 10, "end", '2024-12-29 23:00:00',  5,   20, 70),
-- Dec.29 line 14 west to east
(14, 10, "start", '2024-12-29 14:00:00',  5,   20, 70),
(14, 9, "stop", '2024-12-29 17:00:00',  5,   20, 70),
(14, 8, "stop", '2024-12-29 20:00:00',  5,   20, 70),
(14, 3, "end", '2024-12-29 23:00:00',  5,   20, 70),
-- Dec.29 line 15 east to west
(15, 4, "start", '2024-12-29 15:00:00',  5,   20, 70),
(15, 12, "stop", '2024-12-29 17:00:00',  5,   20, 70),
(15, 8, "stop", '2024-12-29 19:00:00',  5,   20, 70),
(15, 9, "stop", '2024-12-29 21:00:00',  5,   20, 70),
(15, 11, "end", '2024-12-29 23:00:00',  5,   20, 70),
 -- Dec.29 line 16 west to east
(16, 11, "start", '2024-12-29 15:00:00',  5,   20, 70),
(16, 9, "stop", '2024-12-29 17:00:00',  5,   20, 70),
(16, 8, "stop", '2024-12-29 19:00:00',  5,   20, 70),
(16, 12, "stop", '2024-12-29 21:00:00',  5,   20, 70),
(16, 4, "end", '2024-12-29 23:00:00',  5,   20, 70),
-- Dec.29 line 17 east to west
(17, 5, "start", '2024-12-29 17:00:00',  5,   20, 70),
(17, 13, "stop", '2024-12-29 20:00:00',  5,   20, 70),
(17, 14, "end", '2024-12-29 23:00:00',  5,   20, 70),
-- Dec.29 line 18 west to east
(18, 14, "start", '2024-12-29 17:00:00',  5,   20, 70),
(18, 13, "stop", '2024-12-29 20:00:00',  5,   20, 70),
(18, 5, "end", '2024-12-29 23:00:00',  5,   20, 70),
-- Dec.29 line 19 north to south
(19, 10, "start", '2024-12-29 12:00:00',  5,   20, 70),
(19, 9, "stop", '2024-12-29 15:00:00',  5,   20, 70),
(19, 11, "stop", '2024-12-29 18:00:00',  5,   20, 70),
(19, 14, "stop", '2024-12-29 20:00:00',  5,   20, 70),
(19, 15, "end", '2024-12-29 23:00:00',  5,   20, 70),
-- Dec.29 line 20 north to south
(20, 15, "start", '2024-12-29 12:00:00', 5,   20, 70),
(20, 14, "stop", '2024-12-29 15:00:00', 5,   20, 70),
(20, 11, "stop", '2024-12-29 18:00:00', 5,   20, 70),
(20, 9, "stop", '2024-12-29 20:00:00', 5,   20, 70),
(20, 10, "end", '2024-12-29 23:00:00', 5,   20, 70),



-- Dec.30 line1 north to south
(1, 1, "start", '2024-12-30 07:00:00',  5,   20, 70),
(1, 2, "stop", '2024-12-30 09:00:00',  5,   20, 70),
(1, 3, "stop", '2024-12-30 11:00:00',  5,   20, 70),
(1, 4,  "stop", '2024-12-30 13:00:00',  5,   20, 70),
(1, 5, "stop", '2024-12-30 15:00:00',  5,   20, 70),
(1, 6, "stop", '2024-12-30 17:00:00',  5,   20, 70),
(1, 7, "end", '2024-12-30 19:00:00',  5,   20, 70),
-- Dec.30 line2 south to north
(2, 7, "start", '2024-12-30 07:00:00',  5,   20, 70),
(2, 6, "stop", '2024-12-30 09:00:00',  5,   20, 70),
(2, 5, "stop", '2024-12-30 11:00:00',  5,   20, 70),
(2, 4,  "stop", '2024-12-30 13:00:00',  5,   20, 70),
(2, 3, "stop", '2024-12-30 15:00:00',  5,   20, 70),
(2, 2, "stop", '2024-12-30 17:00:00',  5,   20, 70),
(2, 1, "end", '2024-12-30 19:00:00',  5,   20, 70),
-- Dec.30 line 3 east to west
(3, 3, "start", '2024-12-30 07:00:00',  5,   20, 70),
(3, 8, "stop", '2024-12-30 10:00:00',  5,   20, 70),
(3, 9, "stop", '2024-12-30 13:00:00', 5,   20, 70),
(3, 10, "end", '2024-12-30 16:00:00',  5,   20, 70),
-- Dec.30 line 4 west to east
(4, 10, "start", '2024-12-30 07:00:00',  5,   20, 70),
(4, 9, "stop", '2024-12-30 10:00:00',  5,   20, 70),
(4, 8, "stop", '2024-12-30 13:00:00',  5,   20, 70),
(4, 3, "end", '2024-12-30 16:00:00',  5,   20, 70),
-- Dec.30 line 5 east to west
(5, 4, "start", '2024-12-30 07:00:00',  5,   20, 70),
(5, 12, "stop", '2024-12-30 09:00:00',  5,   20, 70),
(5, 8, "stop", '2024-12-30 11:00:00',  5,   20, 70),
(5, 9, "stop", '2024-12-30 13:00:00',  5,   20, 70),
(5, 11, "end", '2024-12-30 15:00:00',  5,   20, 70),
 -- Dec.30 line 6 west to east
(6, 11, "start", '2024-12-30 07:00:00',  5,   20, 70),
(6, 9, "stop", '2024-12-30 09:00:00',  5,   20, 70),
(6, 8, "stop", '2024-12-30 11:00:00',  5,   20, 70),
(6, 12, "stop", '2024-12-30 13:00:00',  5,   20, 70),
(6, 4, "end", '2024-12-30 15:00:00',  5,   20, 70),
-- Dec.30 line 7 east to west
(7, 5, "start", '2024-12-30 07:00:00',  5,   20, 70),
(7, 13, "stop", '2024-12-30 10:00:00',  5,   20, 70),
(7, 14, "end", '2024-12-30 13:00:00',  5,   20, 70),
-- Dec.30 line 8 west to east
(8, 14, "start", '2024-12-30 07:00:00',  5,   20, 70),
(8, 13, "stop", '2024-12-30 10:00:00',  5,   20, 70),
(8, 5, "end", '2024-12-30 13:00:00',  5,   20, 70),
-- Dec.30 line 9 north to south
(9, 10, "start", '2024-12-30 07:00:00',  5,   20, 70),
(9, 9, "stop", '2024-12-30 10:00:00',  5,   20, 70),
(9, 11, "stop", '2024-12-30 13:00:00',  5,   20, 70),
(9, 14, "stop", '2024-12-30 15:00:00',  5,   20, 70),
(9, 15, "end", '2024-12-30 18:00:00',  5,   20, 70),
-- Dec.30 line 10 north to south
(10, 15, "start", '2024-12-30 07:00:00', 5,   20, 70),
(10, 14, "stop", '2024-12-30 10:00:00', 5,   20, 70),
(10, 11, "stop", '2024-12-30 13:00:00', 5,   20, 70),
(10, 9, "stop", '2024-12-30 15:00:00', 5,   20, 70),
(10, 10, "end", '2024-12-30 18:00:00', 5,   20, 70),

-- Dec.30 line11 north to south
(11, 1, "start", '2024-12-30 11:00:00',  5,   20, 70),
(11, 2, "stop", '2024-12-30 13:00:00',  5,   20, 70),
(11, 3, "stop", '2024-12-30 15:00:00',  5,   20, 70),
(11, 4,  "stop", '2024-12-30 17:00:00',  5,   20, 70),
(11, 5, "stop", '2024-12-30 19:00:00',  5,   20, 70),
(11, 6, "stop", '2024-12-30 21:00:00',  5,   20, 70),
(11, 7, "end", '2024-12-30 23:00:00',  5,   20, 70),
-- Dec.30 line12 south to north
(12, 7, "start", '2024-12-30 11:00:00',  5,   20, 70),
(12, 6, "stop", '2024-12-30 13:00:00',  5,   20, 70),
(12, 5, "stop", '2024-12-30 15:00:00',  5,   20, 70),
(12, 4,  "stop", '2024-12-30 17:00:00',  5,   20, 70),
(12, 3, "stop", '2024-12-30 19:00:00',  5,   20, 70),
(12, 2, "stop", '2024-12-30 21:00:00',  5,   20, 70),
(12, 1, "end", '2024-12-30 23:00:00',  5,   20, 70),
-- Dec.30 line 13 east to west
(13, 3, "start", '2024-12-30 14:00:00',  5,   20, 70),
(13, 8, "stop", '2024-12-30 17:00:00',  5,   20, 70),
(13, 9, "stop", '2024-12-30 20:00:00', 5,   20, 70),
(13, 10, "end", '2024-12-30 23:00:00',  5,   20, 70),
-- Dec.30 line 14 west to east
(14, 10, "start", '2024-12-30 14:00:00',  5,   20, 70),
(14, 9, "stop", '2024-12-30 17:00:00',  5,   20, 70),
(14, 8, "stop", '2024-12-30 20:00:00',  5,   20, 70),
(14, 3, "end", '2024-12-30 23:00:00',  5,   20, 70),
-- Dec.30 line 15 east to west
(15, 4, "start", '2024-12-30 15:00:00',  5,   20, 70),
(15, 12, "stop", '2024-12-30 17:00:00',  5,   20, 70),
(15, 8, "stop", '2024-12-30 19:00:00',  5,   20, 70),
(15, 9, "stop", '2024-12-30 21:00:00',  5,   20, 70),
(15, 11, "end", '2024-12-30 23:00:00',  5,   20, 70),
 -- Dec.30 line 16 west to east
(16, 11, "start", '2024-12-30 15:00:00',  5,   20, 70),
(16, 9, "stop", '2024-12-30 17:00:00',  5,   20, 70),
(16, 8, "stop", '2024-12-30 19:00:00',  5,   20, 70),
(16, 12, "stop", '2024-12-30 21:00:00',  5,   20, 70),
(16, 4, "end", '2024-12-30 23:00:00',  5,   20, 70),
-- Dec.30 line 17 east to west
(17, 5, "start", '2024-12-30 17:00:00',  5,   20, 70),
(17, 13, "stop", '2024-12-30 20:00:00',  5,   20, 70),
(17, 14, "end", '2024-12-30 23:00:00',  5,   20, 70),
-- Dec.30 line 18 west to east
(18, 14, "start", '2024-12-30 17:00:00',  5,   20, 70),
(18, 13, "stop", '2024-12-30 20:00:00',  5,   20, 70),
(18, 5, "end", '2024-12-30 23:00:00',  5,   20, 70),
-- Dec.30 line 19 north to south
(19, 10, "start", '2024-12-30 12:00:00',  5,   20, 70),
(19, 9, "stop", '2024-12-30 15:00:00',  5,   20, 70),
(19, 11, "stop", '2024-12-30 18:00:00',  5,   20, 70),
(19, 14, "stop", '2024-12-30 20:00:00',  5,   20, 70),
(19, 15, "end", '2024-12-30 23:00:00',  5,   20, 70),
-- Dec.30 line 20 north to south
(20, 15, "start", '2024-12-30 12:00:00', 5,   20, 70),
(20, 14, "stop", '2024-12-30 15:00:00', 5,   20, 70),
(20, 11, "stop", '2024-12-30 18:00:00', 5,   20, 70),
(20, 9, "stop", '2024-12-30 20:00:00', 5,   20, 70),
(20, 10, "end", '2024-12-30 23:00:00', 5,   20, 70),



-- Dec.31 line1 north to south
(1, 1, "start", '2024-12-31 07:00:00',  5,   20, 70),
(1, 2, "stop", '2024-12-31 09:00:00',  5,   20, 70),
(1, 3, "stop", '2024-12-31 11:00:00',  5,   20, 70),
(1, 4,  "stop", '2024-12-31 13:00:00',  5,   20, 70),
(1, 5, "stop", '2024-12-31 15:00:00',  5,   20, 70),
(1, 6, "stop", '2024-12-31 17:00:00',  5,   20, 70),
(1, 7, "end", '2024-12-31 19:00:00',  5,   20, 70),
-- Dec.31 line2 south to north
(2, 7, "start", '2024-12-31 07:00:00',  5,   20, 70),
(2, 6, "stop", '2024-12-31 09:00:00',  5,   20, 70),
(2, 5, "stop", '2024-12-31 11:00:00',  5,   20, 70),
(2, 4,  "stop", '2024-12-31 13:00:00',  5,   20, 70),
(2, 3, "stop", '2024-12-31 15:00:00',  5,   20, 70),
(2, 2, "stop", '2024-12-31 17:00:00',  5,   20, 70),
(2, 1, "end", '2024-12-31 19:00:00',  5,   20, 70),
-- Dec.31 line 3 east to west
(3, 3, "start", '2024-12-31 07:00:00',  5,   20, 70),
(3, 8, "stop", '2024-12-31 10:00:00',  5,   20, 70),
(3, 9, "stop", '2024-12-31 13:00:00', 5,   20, 70),
(3, 10, "end", '2024-12-31 16:00:00',  5,   20, 70),
-- Dec.31 line 4 west to east
(4, 10, "start", '2024-12-31 07:00:00',  5,   20, 70),
(4, 9, "stop", '2024-12-31 10:00:00',  5,   20, 70),
(4, 8, "stop", '2024-12-31 13:00:00',  5,   20, 70),
(4, 3, "end", '2024-12-31 16:00:00',  5,   20, 70),
-- Dec.31 line 5 east to west
(5, 4, "start", '2024-12-31 07:00:00',  5,   20, 70),
(5, 12, "stop", '2024-12-31 09:00:00',  5,   20, 70),
(5, 8, "stop", '2024-12-31 11:00:00',  5,   20, 70),
(5, 9, "stop", '2024-12-31 13:00:00',  5,   20, 70),
(5, 11, "end", '2024-12-31 15:00:00',  5,   20, 70),
 -- Dec.31 line 6 west to east
(6, 11, "start", '2024-12-31 07:00:00',  5,   20, 70),
(6, 9, "stop", '2024-12-31 09:00:00',  5,   20, 70),
(6, 8, "stop", '2024-12-31 11:00:00',  5,   20, 70),
(6, 12, "stop", '2024-12-31 13:00:00',  5,   20, 70),
(6, 4, "end", '2024-12-31 15:00:00',  5,   20, 70),
-- Dec.31 line 7 east to west
(7, 5, "start", '2024-12-31 07:00:00',  5,   20, 70),
(7, 13, "stop", '2024-12-31 10:00:00',  5,   20, 70),
(7, 14, "end", '2024-12-31 13:00:00',  5,   20, 70),
-- Dec.31 line 8 west to east
(8, 14, "start", '2024-12-31 07:00:00',  5,   20, 70),
(8, 13, "stop", '2024-12-31 10:00:00',  5,   20, 70),
(8, 5, "end", '2024-12-31 13:00:00',  5,   20, 70),
-- Dec.31 line 9 north to south
(9, 10, "start", '2024-12-31 07:00:00',  5,   20, 70),
(9, 9, "stop", '2024-12-31 10:00:00',  5,   20, 70),
(9, 11, "stop", '2024-12-31 13:00:00',  5,   20, 70),
(9, 14, "stop", '2024-12-31 15:00:00',  5,   20, 70),
(9, 15, "end", '2024-12-31 18:00:00',  5,   20, 70),
-- Dec.31 line 10 north to south
(10, 15, "start", '2024-12-31 07:00:00', 5,   20, 70),
(10, 14, "stop", '2024-12-31 10:00:00', 5,   20, 70),
(10, 11, "stop", '2024-12-31 13:00:00', 5,   20, 70),
(10, 9, "stop", '2024-12-31 15:00:00', 5,   20, 70),
(10, 10, "end", '2024-12-31 18:00:00', 5,   20, 70),

-- Dec.31 line11 north to south
(11, 1, "start", '2024-12-31 11:00:00',  5,   20, 70),
(11, 2, "stop", '2024-12-31 13:00:00',  5,   20, 70),
(11, 3, "stop", '2024-12-31 15:00:00',  5,   20, 70),
(11, 4,  "stop", '2024-12-31 17:00:00',  5,   20, 70),
(11, 5, "stop", '2024-12-31 19:00:00',  5,   20, 70),
(11, 6, "stop", '2024-12-31 21:00:00',  5,   20, 70),
(11, 7, "end", '2024-12-31 23:00:00',  5,   20, 70),
-- Dec.31 line12 south to north
(12, 7, "start", '2024-12-31 11:00:00',  5,   20, 70),
(12, 6, "stop", '2024-12-31 13:00:00',  5,   20, 70),
(12, 5, "stop", '2024-12-31 15:00:00',  5,   20, 70),
(12, 4,  "stop", '2024-12-31 17:00:00',  5,   20, 70),
(12, 3, "stop", '2024-12-31 19:00:00',  5,   20, 70),
(12, 2, "stop", '2024-12-31 21:00:00',  5,   20, 70),
(12, 1, "end", '2024-12-31 23:00:00',  5,   20, 70),
-- Dec.31 line 13 east to west
(13, 3, "start", '2024-12-31 14:00:00',  5,   20, 70),
(13, 8, "stop", '2024-12-31 17:00:00',  5,   20, 70),
(13, 9, "stop", '2024-12-31 20:00:00', 5,   20, 70),
(13, 10, "end", '2024-12-31 23:00:00',  5,   20, 70),
-- Dec.31 line 14 west to east
(14, 10, "start", '2024-12-31 14:00:00',  5,   20, 70),
(14, 9, "stop", '2024-12-31 17:00:00',  5,   20, 70),
(14, 8, "stop", '2024-12-31 20:00:00',  5,   20, 70),
(14, 3, "end", '2024-12-31 23:00:00',  5,   20, 70),
-- Dec.31 line 15 east to west
(15, 4, "start", '2024-12-31 15:00:00',  5,   20, 70),
(15, 12, "stop", '2024-12-31 17:00:00',  5,   20, 70),
(15, 8, "stop", '2024-12-31 19:00:00',  5,   20, 70),
(15, 9, "stop", '2024-12-31 21:00:00',  5,   20, 70),
(15, 11, "end", '2024-12-31 23:00:00',  5,   20, 70),
 -- Dec.31 line 16 west to east
(16, 11, "start", '2024-12-31 15:00:00',  5,   20, 70),
(16, 9, "stop", '2024-12-31 17:00:00',  5,   20, 70),
(16, 8, "stop", '2024-12-31 19:00:00',  5,   20, 70),
(16, 12, "stop", '2024-12-31 21:00:00',  5,   20, 70),
(16, 4, "end", '2024-12-31 23:00:00',  5,   20, 70),
-- Dec.31 line 17 east to west
(17, 5, "start", '2024-12-31 17:00:00',  5,   20, 70),
(17, 13, "stop", '2024-12-31 20:00:00',  5,   20, 70),
(17, 14, "end", '2024-12-31 23:00:00',  5,   20, 70),
-- Dec.31 line 18 west to east
(18, 14, "start", '2024-12-31 17:00:00',  5,   20, 70),
(18, 13, "stop", '2024-12-31 20:00:00',  5,   20, 70),
(18, 5, "end", '2024-12-31 23:00:00',  5,   20, 70),
-- Dec.31 line 19 north to south
(19, 10, "start", '2024-12-31 12:00:00',  5,   20, 70),
(19, 9, "stop", '2024-12-31 15:00:00',  5,   20, 70),
(19, 11, "stop", '2024-12-31 18:00:00',  5,   20, 70),
(19, 14, "stop", '2024-12-31 20:00:00',  5,   20, 70),
(19, 15, "end", '2024-12-31 23:00:00',  5,   20, 70),
-- Dec.31 line 20 north to south
(20, 15, "start", '2024-12-31 12:00:00', 5,   20, 70),
(20, 14, "stop", '2024-12-31 15:00:00', 5,   20, 70),
(20, 11, "stop", '2024-12-31 18:00:00', 5,   20, 70),
(20, 9, "stop", '2024-12-31 20:00:00', 5,   20, 70),
(20, 10, "end", '2024-12-31 23:00:00', 5,   20, 70);